Top 10 Gross,%± LW,Overall Gross,%± LW.1,Releases,#1 Release,Week,Long Weekend,dates
"$91,647,587",-31.9%,130929381,-19%,56,Stuart Little,1,False,2000-01-02
"$105,023,114",+14.6%,146456782,+11.9%,57,Next Friday,2,False,2000-01-09
"$67,541,452",-35.7%,105493208,-28%,58,Next Friday,3,False,2000-01-16
"$53,744,545",-20.4%,86115844,-18.4%,60,Eye of the Beholder,4,False,2000-01-23
"$81,219,487",+51.1%,110651459,+28.5%,55,Scream 3,5,False,2000-01-30
"$91,574,033",+12.7%,119011145,+7.6%,54,Scream 3,6,False,2000-02-06
"$125,653,555",+37.2%,159098936,+33.7%,61,The Whole Nine Yards,7,False,2000-02-13
"$82,543,725",-34.3%,112645978,-29.2%,55,The Whole Nine Yards,8,False,2000-02-20
"$65,131,988",-21.1%,104391273,-7.3%,55,The Whole Nine Yards,9,False,2000-02-27
"$81,555,885",+25.2%,116850435,+11.9%,60,Mission to Mars,10,False,2000-03-05
"$97,805,714",+19.9%,126889619,+8.6%,56,Erin Brockovich,11,False,2000-03-12
"$93,828,008",-4.1%,117052123,-7.8%,61,Erin Brockovich,12,False,2000-03-19
"$91,979,242",-2%,114129245,-2.5%,57,Erin Brockovich,13,False,2000-03-26
"$88,457,668",-3.8%,108007567,-5.4%,54,Rules of Engagement,14,False,2000-04-02
"$89,439,402",+1.1%,117033830,+8.4%,55,Rules of Engagement,15,False,2000-04-09
"$94,479,647",+5.6%,123191263,+5.3%,57,U-571,16,False,2000-04-16
"$80,455,713",-14.8%,101038470,-18%,53,U-571,17,False,2000-04-23
"$99,624,240",+23.8%,118034511,+16.8%,53,Gladiator,18,False,2000-04-30
"$88,870,413",-10.8%,113422887,-3.9%,54,Gladiator,19,False,2000-05-07
"$146,967,578",+65.4%,171131342,+50.9%,55,Dinosaur,20,False,2000-05-14
"$198,476,946",+35%,217816716,+27.3%,61,Mission: Impossible II,21,False,2000-05-21
"$133,703,846",-32.6%,146653600,-32.7%,58,Mission: Impossible II,22,False,2000-05-28
"$131,619,154",-1.6%,143602030,-2.1%,53,Gone in 60 Seconds,23,False,2000-06-04
"$136,553,292",+3.7%,153808030,+7.1%,60,Shaft,24,False,2000-06-11
"$145,130,620",+6.3%,168576763,+9.6%,59,"Me, Myself & Irene",25,False,2000-06-18
"$218,440,907",+50.5%,239732067,+42.2%,66,The Perfect Storm,26,False,2000-06-25
"$193,690,262",-11.3%,213615565,-10.9%,71,Scary Movie,27,False,2000-07-02
"$202,261,899",+4.4%,223061116,+4.4%,69,X-Men,28,False,2000-07-09
"$187,787,415",-7.2%,212627599,-4.7%,69,What Lies Beneath,29,False,2000-07-16
"$172,321,887",-8.2%,194226580,-8.7%,58,Nutty Professor II: The Klumps,30,False,2000-07-23
"$167,202,437",-3%,190996874,-1.7%,64,Hollow Man,31,False,2000-07-30
"$132,895,736",-20.5%,159925000,-16.3%,66,Hollow Man,32,False,2000-08-06
"$111,066,662",-16.4%,141411746,-11.6%,64,The Cell,33,False,2000-08-13
"$93,160,197",-16.1%,124027512,-12.3%,60,Bring It On,34,False,2000-08-20
"$78,190,035",-16.1%,119075960,-4%,60,Bring It On,35,False,2000-08-27
"$52,765,962",-32.5%,76947488,-35.4%,59,The Watcher,36,False,2000-09-03
"$44,425,053",-15.8%,69005251,-10.3%,63,The Watcher,37,False,2000-09-10
"$55,877,471",+25.8%,78629799,+13.9%,60,The Exorcist2000 Director's Cut,38,False,2000-09-17
"$63,664,928",+13.9%,82674073,+5.1%,55,Remember the Titans,39,False,2000-09-24
"$96,340,135",+51.3%,114415040,+38.4%,58,Meet the Parents,40,False,2000-10-01
"$89,897,651",-6.7%,106613514,-6.8%,58,Meet the Parents,41,False,2000-10-08
"$85,134,437",-5.3%,102362706,-4%,61,Meet the Parents,42,False,2000-10-15
"$85,037,407",-0.1%,102848126,+0.5%,66,Meet the Parents,43,False,2000-10-22
"$116,411,515",+36.9%,131649454,+28%,59,Charlie's Angels,44,False,2000-10-29
"$112,675,616",-3.2%,128217358,-2.6%,54,Charlie's Angels,45,False,2000-11-05
"$235,957,823",+109.4%,265939956,+107.4%,58,How the Grinch Stole Christmas,46,False,2000-11-12
"$188,891,592",-19.9%,205508560,-22.7%,56,How the Grinch Stole Christmas,47,False,2000-11-19
"$97,117,100",-48.6%,108366192,-47.3%,51,How the Grinch Stole Christmas,48,False,2000-11-26
"$96,521,694",-0.6%,110120569,+1.6%,53,How the Grinch Stole Christmas,49,False,2000-12-03
"$139,741,158",+44.8%,153328832,+39.2%,45,What Women Want,50,False,2000-12-10
"$251,650,628",+80.1%,288450694,+88.1%,59,Cast Away,51,False,2000-12-17
"$192,548,793",-23.5%,233483221,-19.1%,57,Cast Away,52,False,2000-12-24
"$127,770,957",-33.6%,156198230,-33.1%,58,Cast Away,1,False,2000-12-31
"$154,539,140",+21%,196118833,+25.6%,58,Save the Last Dance,2,False,2001-01-07
"$103,790,997",-32.8%,144688287,-26.2%,58,Save the Last Dance,3,False,2001-01-14
"$85,677,572",-17.5%,125156615,-13.5%,57,The Wedding Planner,4,False,2001-01-21
"$80,237,145",-6.3%,123422818,-1.4%,57,The Wedding Planner,5,False,2001-01-28
"$134,630,925",+67.8%,166199939,+34.7%,55,Hannibal,6,False,2001-02-04
"$138,060,486",+2.5%,171281994,+3.1%,56,Hannibal,7,False,2001-02-11
"$86,878,689",-37.1%,113002396,-34%,55,Hannibal,8,False,2001-02-18
"$89,629,683",+3.2%,113429798,+0.4%,59,The Mexican,9,False,2001-02-25
"$79,164,011",-11.7%,100543895,-11.4%,59,The Mexican,10,False,2001-03-04
"$88,310,875",+11.6%,110067956,+9.5%,56,Exit Wounds,11,False,2001-03-11
"$83,530,931",-5.4%,107638722,-2.2%,54,Heartbreakers,12,False,2001-03-18
"$96,574,098",+15.6%,119795804,+11.3%,54,Spy Kids,13,False,2001-03-25
"$105,507,616",+9.3%,137131430,+14.5%,56,Spy Kids,14,False,2001-04-01
"$101,842,791",-3.5%,128341796,-6.4%,56,Spy Kids,15,False,2001-04-08
"$79,276,808",-22.2%,101964068,-20.6%,57,Bridget Jones's Diary,16,False,2001-04-15
"$64,066,280",-19.2%,85969632,-15.7%,59,Driven,17,False,2001-04-22
"$121,644,965",+89.9%,138502426,+61.1%,60,The Mummy Returns,18,False,2001-04-29
"$89,443,261",-26.5%,103061350,-25.6%,57,The Mummy Returns,19,False,2001-05-06
"$124,750,697",+39.5%,130421791,+26.5%,23,Shrek,20,False,2001-05-13
"$206,443,713",+65.5%,214766296,+64.7%,25,Pearl Harbor,21,False,2001-05-20
"$164,193,396",-20.5%,173116482,-19.4%,53,Pearl Harbor,22,False,2001-05-27
"$136,249,169",-17%,144498974,-16.5%,56,Swordfish,23,False,2001-06-03
"$183,134,030",+34.4%,192521334,+33.2%,57,Lara Croft: Tomb Raider,24,False,2001-06-10
"$191,584,867",+4.6%,207006418,+7.5%,54,The Fast and the Furious,25,False,2001-06-17
"$197,173,477",+2.9%,232202386,+12.2%,57,A.I. Artificial Intelligence,26,False,2001-06-24
"$168,809,092",-14.4%,202065008,-13%,54,Cats & Dogs,27,False,2001-07-01
"$177,508,750",+5.2%,211385698,+4.6%,54,Legally Blonde,28,False,2001-07-08
"$194,797,745",+9.7%,218803824,+3.5%,52,Jurassic Park III,29,False,2001-07-15
"$205,145,437",+5.3%,225717054,+3.2%,57,Planet of the Apes,30,False,2001-07-22
"$241,231,115",+17.6%,259564447,+15%,53,Rush Hour 2,31,False,2001-07-29
"$209,880,289",-13%,231951630,-10.6%,56,American Pie 2,32,False,2001-08-05
"$143,280,736",-31.7%,168437295,-27.4%,54,American Pie 2,33,False,2001-08-12
"$106,209,904",-25.9%,135184358,-19.7%,58,American Pie 2,34,False,2001-08-19
"$100,211,828",-5.6%,134810641,-0.3%,57,Jeepers Creepers,35,False,2001-08-26
"$69,423,827",-30.7%,92421954,-31.4%,58,The Musketeer,36,False,2001-09-02
"$60,853,023",-12.3%,83634364,-9.5%,58,Hardball,37,False,2001-09-09
"$50,534,468",-17%,76015096,-9.1%,55,Hardball,38,False,2001-09-16
"$76,207,503",+50.8%,94625569,+24.5%,58,Don't Say a Word,39,False,2001-09-23
"$105,955,176",+39%,120293722,+27.1%,61,Training Day,40,False,2001-09-30
"$93,729,521",-11.5%,110201848,-8.4%,58,Training Day,41,False,2001-10-07
"$86,426,754",-7.8%,106410808,-3.4%,60,From Hell,42,False,2001-10-14
"$86,607,537",+0.2%,108290922,+1.8%,57,K-PAX,43,False,2001-10-21
"$160,192,502",+85%,179456448,+65.7%,59,"Monsters, Inc.",44,False,2001-10-28
"$142,487,373",-11.1%,162305030,-9.6%,58,"Monsters, Inc.",45,False,2001-11-04
"$223,787,194",+57.1%,249674543,+53.8%,58,Harry Potter and the Sorcerer's Stone,46,False,2001-11-11
"$162,252,912",-27.5%,179189822,-28.2%,56,Harry Potter and the Sorcerer's Stone,47,False,2001-11-18
"$98,071,631",-39.6%,110243057,-38.5%,57,Harry Potter and the Sorcerer's Stone,48,False,2001-11-25
"$104,219,501",+6.3%,113047112,+2.5%,56,Ocean's Eleven,49,False,2001-12-02
"$143,043,356",+37.3%,151604533,+34.1%,50,Vanilla Sky,50,False,2001-12-09
"$247,812,996",+73.2%,287952227,+89.9%,50,The Lord of the Rings: The Fellowship of the Ring,51,False,2001-12-16
"$236,081,226",-4.7%,290520484,+0.9%,57,The Lord of the Rings: The Fellowship of the Ring,52,False,2001-12-23
"$125,150,845",-47%,160260760,-44.8%,54,The Lord of the Rings: The Fellowship of the Ring,1,False,2001-12-30
"$105,419,434",-15.8%,138189002,-13.8%,54,The Lord of the Rings: The Fellowship of the Ring,2,False,2002-01-06
"$142,783,138",+35.4%,176703388,+27.9%,48,Black Hawk Down,3,False,2002-01-13
"$129,215,139",-9.5%,164197937,-7.1%,55,Black Hawk Down,4,False,2002-01-20
"$92,011,359",-28.8%,125959322,-23.3%,56,Black Hawk Down,5,False,2002-01-27
"$101,100,925",+9.9%,135636421,+7.7%,57,Collateral Damage,6,False,2002-02-03
"$136,062,507",+34.6%,192176483,+41.7%,56,John Q,7,False,2002-02-10
"$94,442,446",-30.6%,135869548,-29.3%,58,Queen of the Damned,8,False,2002-02-17
"$97,393,473",+3.1%,133835495,-1.5%,60,We Were Soldiers,9,False,2002-02-24
"$102,850,747",+5.6%,138475523,+3.5%,61,The Time Machine,10,False,2002-03-03
"$147,463,735",+43.4%,176533038,+27.5%,60,Ice Age,11,False,2002-03-10
"$153,685,546",+4.2%,185534613,+5.1%,63,Blade II,12,False,2002-03-17
"$155,555,051",+1.2%,189213523,+2%,65,Panic Room,13,False,2002-03-24
"$109,222,411",-29.8%,136942038,-27.6%,63,Panic Room,14,False,2002-03-31
"$99,373,208",-9%,123685270,-9.7%,68,Changing Lanes,15,False,2002-04-07
"$109,577,383",+10.3%,132713023,+7.3%,72,The Scorpion King,16,False,2002-04-14
"$82,752,924",-24.5%,107627233,-18.9%,76,The Scorpion King,17,False,2002-04-21
"$193,752,412",+134.1%,214333883,+99.1%,74,Spider-Man,18,False,2002-04-28
"$170,767,681",-11.9%,191389423,-10.7%,77,Spider-Man,19,False,2002-05-05
"$216,326,534",+26.7%,230168167,+20.3%,73,Star Wars: Episode II - Attack of the Clones,20,False,2002-05-12
"$223,150,405",+3.2%,237842428,+3.3%,83,Star Wars: Episode II - Attack of the Clones,21,False,2002-05-19
"$163,228,296",-26.9%,174572196,-26.6%,85,The Sum of All Fears,22,False,2002-05-26
"$146,882,788",-10%,161402751,-7.5%,88,The Sum of All Fears,23,False,2002-06-02
"$216,568,990",+47.4%,238001770,+47.5%,95,Scooby-Doo,24,False,2002-06-09
"$219,151,244",+1.2%,244262032,+2.6%,90,Lilo & Stitch,25,False,2002-06-16
"$224,957,382",+2.6%,266743638,+9.2%,95,Mr. Deeds,26,False,2002-06-23
"$197,221,709",-12.3%,226421108,-15.1%,90,Men in Black II,27,False,2002-06-30
"$182,117,892",-7.7%,216742000,-4.3%,102,Men in Black II,28,False,2002-07-07
"$140,803,266",-22.7%,183150628,-15.5%,111,Stuart Little 2,29,False,2002-07-14
"$192,468,185",+36.7%,227583310,+24.3%,115,Austin Powers in Goldmember,30,False,2002-07-21
"$211,694,643",+10%,249895949,+9.8%,120,Signs,31,False,2002-07-28
"$181,202,329",-14.4%,202730811,-18.9%,119,xXx,32,False,2002-08-04
"$134,962,901",-25.5%,158607601,-21.8%,127,xXx,33,False,2002-08-11
"$94,292,596",-30.1%,120228427,-24.2%,131,Signs,34,False,2002-08-18
"$93,211,027",-1.1%,129361788,+7.6%,133,Signs,35,False,2002-08-25
"$77,715,804",-16.6%,99978086,-22.7%,130,My Big Fat Greek Wedding,36,False,2002-09-01
"$88,801,872",+14.3%,108809296,+8.8%,137,Barbershop,37,False,2002-09-08
"$82,321,607",-7.3%,102645742,-5.7%,140,Barbershop,38,False,2002-09-15
"$111,007,362",+34.8%,128624892,+25.3%,145,Sweet Home Alabama,39,False,2002-09-22
"$116,787,452",+5.2%,131424225,+2.2%,137,Red Dragon,40,False,2002-09-29
"$105,241,563",-9.9%,124299189,-5.4%,142,Red Dragon,41,False,2002-10-06
"$86,358,920",-17.9%,117587412,-5.4%,140,The Ring,42,False,2002-10-13
"$106,441,002",+23.3%,139241348,+18.4%,147,Jackass: The Movie,43,False,2002-10-20
"$123,953,732",+16.5%,152102676,+9.2%,136,The Santa Clause 2,44,False,2002-10-27
"$162,440,454",+31%,189316187,+24.5%,130,8 Mile,45,False,2002-11-03
"$188,060,942",+15.8%,206834918,+9.3%,132,Harry Potter and the Chamber of Secrets,46,False,2002-11-10
"$211,256,076",+12.3%,243785601,+17.9%,135,Die Another Day,47,False,2002-11-17
"$146,566,876",-30.6%,176377460,-27.7%,126,Die Another Day,48,False,2002-11-24
"$80,272,776",-45.2%,105096355,-40.4%,124,Die Another Day,49,False,2002-12-01
"$146,052,458",+81.9%,172465810,+64.1%,120,The Lord of the Rings: The Two Towers,50,False,2002-12-08
"$245,843,664",+68.3%,291116393,+68.8%,118,The Lord of the Rings: The Two Towers,51,False,2002-12-15
"$276,423,123",+12.4%,333491599,+14.6%,124,The Lord of the Rings: The Two Towers,52,False,2002-12-22
"$134,036,249",-51.5%,171188651,-48.7%,116,The Lord of the Rings: The Two Towers,1,False,2002-12-29
"$107,694,842",-19.7%,146495448,-14.4%,111,Just Married,2,False,2003-01-05
"$116,445,830",+8.1%,150350044,+2.6%,128,Kangaroo Jack,3,False,2003-01-12
"$94,584,845",-18.8%,131153253,-12.8%,125,Darkness Falls,4,False,2003-01-19
"$103,820,520",+9.8%,143657346,+9.5%,118,The Recruit,5,False,2003-01-26
"$117,835,448",+13.5%,151070604,+5.2%,115,How to Lose a Guy in 10 Days,6,False,2003-02-02
"$136,972,817",+16.2%,157143558,+4%,122,Daredevil,7,False,2003-02-09
"$113,587,032",-17.1%,144922471,-7.8%,121,Old School,8,False,2003-02-16
"$102,989,392",-9.3%,133848278,-7.6%,124,Cradle 2 the Grave,9,False,2003-02-23
"$120,224,305",+16.7%,146664455,+9.6%,130,Bringing Down the House,10,False,2003-03-02
"$111,507,945",-7.3%,138361472,-5.7%,127,Bringing Down the House,11,False,2003-03-09
"$102,079,601",-8.5%,129654540,-6.3%,133,Bringing Down the House,12,False,2003-03-16
"$101,766,976",-0.3%,131760042,+1.6%,139,Head of State,13,False,2003-03-23
"$96,977,932",-4.7%,125682368,-4.6%,141,Phone Booth,14,False,2003-03-30
"$109,074,895",+12.5%,138999836,+10.6%,145,Anger Management,15,False,2003-04-06
"$115,661,454",+6%,150015504,+7.9%,154,Anger Management,16,False,2003-04-13
"$87,630,592",-24.2%,115704923,-22.9%,164,Identity,17,False,2003-04-20
"$172,355,654",+96.7%,193158104,+66.9%,152,X2: X-Men United,18,False,2003-04-27
"$162,573,311",-5.7%,181964977,-5.8%,144,X2: X-Men United,19,False,2003-05-04
"$199,883,237",+22.9%,212207572,+16.6%,145,The Matrix Reloaded,20,False,2003-05-11
"$220,005,969",+10.1%,236622316,+11.5%,126,Bruce Almighty,21,False,2003-05-18
"$226,810,444",+3.1%,241229014,+1.9%,129,Finding Nemo,22,False,2003-05-25
"$211,865,876",-6.6%,225325313,-6.6%,130,Finding Nemo,23,False,2003-06-01
"$170,199,754",-19.7%,184920537,-17.9%,131,Finding Nemo,24,False,2003-06-08
"$196,370,311",+15.4%,215937229,+16.8%,128,Hulk,25,False,2003-06-15
"$196,040,471",-0.2%,230985347,+7%,141,Charlie's Angels: Full Throttle,26,False,2003-06-22
"$206,871,458",+5.5%,231921446,+0.4%,134,Terminator 3: Rise of the Machines,27,False,2003-06-29
"$202,055,408",-2.3%,224545691,-3.2%,132,Pirates of the Caribbean: The Curse of the Black Pearl,28,False,2003-07-06
"$206,400,233",+2.2%,232756104,+3.7%,133,Bad Boys II,29,False,2003-07-13
"$214,884,467",+4.1%,241791369,+3.9%,138,Spy Kids 3: Game Over,30,False,2003-07-20
"$195,809,767",-8.9%,228624368,-5.4%,128,American Wedding,31,False,2003-07-27
"$182,750,020",-6.7%,206713355,-9.6%,126,S.W.A.T.,32,False,2003-08-03
"$181,447,752",-0.7%,211943495,+2.5%,127,Freddy vs. Jason,33,False,2003-08-10
"$111,028,396",-38.8%,144324263,-31.9%,134,Freddy vs. Jason,34,False,2003-08-17
"$105,385,247",-5.1%,132640882,-8.1%,138,Jeepers Creepers 2,35,False,2003-08-24
"$57,816,544",-45.1%,86378275,-34.9%,141,Jeepers Creepers 2,36,False,2003-08-31
"$87,669,744",+51.6%,111086142,+28.6%,150,Once Upon a Time in Mexico,37,False,2003-09-07
"$107,871,148",+23%,133597948,+20.3%,142,Underworld,38,False,2003-09-14
"$94,116,313",-12.8%,118670384,-11.2%,145,The Rundown,39,False,2003-09-21
"$100,219,494",+6.5%,127396594,+7.4%,147,School of Rock,40,False,2003-09-28
"$94,452,937",-5.8%,116728853,-8.4%,152,School of Rock,41,False,2003-10-05
"$127,597,421",+35.1%,147637665,+26.5%,151,The Texas Chainsaw Massacre,42,False,2003-10-12
"$144,798,152",+13.5%,164243626,+11.2%,156,Scary Movie 3,43,False,2003-10-19
"$142,632,016",-1.5%,166859353,+1.6%,149,The Matrix Revolutions,44,False,2003-10-26
"$189,851,538",+33.1%,208673959,+25.1%,145,The Matrix Revolutions,45,False,2003-11-02
"$143,428,928",-24.5%,164221943,-21.3%,139,Master and Commander: The Far Side of the World,46,False,2003-11-09
"$184,827,015",+28.9%,215821255,+31.4%,136,The Cat in the Hat,47,False,2003-11-16
"$162,732,405",-12%,188370299,-12.7%,131,The Haunted Mansion,48,False,2003-11-23
"$108,864,836",-33.1%,125991820,-33.1%,127,The Last Samurai,49,False,2003-11-30
"$145,769,857",+33.9%,169799818,+34.8%,129,The Lord of the Rings: The Return of the King,50,False,2003-12-07
"$224,435,111",+54%,264385950,+55.7%,112,The Lord of the Rings: The Return of the King,51,False,2003-12-14
"$301,114,793",+34.2%,356699125,+34.9%,101,The Lord of the Rings: The Return of the King,52,False,2003-12-21
"$145,460,844",-51.7%,180564994,-49.4%,112,The Lord of the Rings: The Return of the King,1,False,2003-12-28
"$105,697,665",-27.3%,136950341,-24.2%,109,The Lord of the Rings: The Return of the King,2,False,2004-01-04
"$117,665,122",+11.3%,152382375,+11.3%,117,Along Came Polly,3,False,2004-01-11
"$99,165,878",-15.7%,130816168,-14.2%,119,The Butterfly Effect,4,False,2004-01-18
"$81,818,183",-17.5%,121054777,-7.5%,116,You Got Served,5,False,2004-01-25
"$102,526,699",+25.3%,138085206,+14.1%,120,Barbershop 2: Back in Business,6,False,2004-02-01
"$128,578,099",+25.4%,156764514,+13.5%,132,50 First Dates,7,False,2004-02-08
"$122,193,687",-5%,159058955,+1.5%,134,The Passion of the Christ,8,False,2004-02-15
"$183,185,783",+49.9%,212141763,+33.4%,124,The Passion of the Christ,9,False,2004-02-22
"$165,781,986",-9.5%,188315756,-11.2%,119,The Passion of the Christ,10,False,2004-02-29
"$137,387,622",-17.1%,160604256,-14.7%,127,The Passion of the Christ,11,False,2004-03-07
"$134,562,019",-2.1%,153632555,-4.3%,130,Dawn of the Dead,12,False,2004-03-14
"$129,285,946",-3.9%,152021839,-1%,135,Scooby-Doo 2: Monsters Unleashed,13,False,2004-03-21
"$148,192,032",+14.6%,177525969,+16.8%,123,Hellboy,14,False,2004-03-28
"$121,628,443",-17.9%,161928722,-8.8%,131,The Passion of the Christ,15,False,2004-04-04
"$98,769,089",-18.8%,128915774,-20.4%,133,Kill Bill: Vol. 2,16,False,2004-04-11
"$99,756,364",+1%,126132120,-2.2%,135,Man on Fire,17,False,2004-04-18
"$101,595,849",+1.8%,128724662,+2.1%,148,Mean Girls,18,False,2004-04-25
"$124,651,728",+22.7%,143732121,+11.7%,155,Van Helsing,19,False,2004-05-02
"$148,641,330",+19.2%,166321909,+15.7%,155,Troy,20,False,2004-05-09
"$217,254,127",+46.2%,231000848,+38.9%,156,Shrek 2,21,False,2004-05-16
"$279,550,153",+28.7%,292023485,+26.4%,147,Shrek 2,22,False,2004-05-23
"$248,351,087",-11.2%,257969082,-11.7%,138,Harry Potter and the Prisoner of Azkaban,23,False,2004-05-30
"$217,145,549",-12.6%,231973047,-10.1%,130,Harry Potter and the Prisoner of Azkaban,24,False,2004-06-06
"$201,083,595",-7.4%,219799863,-5.2%,130,Dodgeball: A True Underdog Story,25,False,2004-06-13
"$219,488,972",+9.2%,255363039,+16.2%,117,Spider-Man 2,26,False,2004-06-20
"$241,374,271",+10%,266416517,+4.3%,112,Spider-Man 2,27,False,2004-06-27
"$202,206,877",-16.2%,230965174,-13.3%,114,Spider-Man 2,28,False,2004-07-04
"$201,100,683",-0.5%,232301328,+0.6%,116,"I, Robot",29,False,2004-07-11
"$191,487,933",-4.8%,217408468,-6.4%,118,The Bourne Supremacy,30,False,2004-07-18
"$199,151,078",+4%,232733356,+7%,116,The Village,31,False,2004-07-25
"$148,013,258",-25.7%,184247609,-20.8%,123,Collateral,32,False,2004-08-01
"$169,104,557",+14.2%,198312585,+7.6%,122,Alien vs. Predator,33,False,2004-08-08
"$133,010,606",-21.3%,166479959,-16.1%,122,Exorcist: The Beginning,34,False,2004-08-15
"$104,635,879",-21.3%,142341283,-14.5%,128,Hero,35,False,2004-08-22
"$74,837,562",-28.5%,115372914,-18.9%,126,Without a Paddle,36,False,2004-08-29
"$74,430,133",-0.5%,103105986,-10.6%,123,Resident Evil: Apocalypse,37,False,2004-09-05
"$73,879,505",-0.7%,98316332,-4.6%,137,Sky Captain and the World of Tomorrow,38,False,2004-09-12
"$70,642,570",-4.4%,91774776,-6.7%,150,The Forgotten,39,False,2004-09-19
"$120,749,298",+70.9%,141381641,+54.1%,140,Shark Tale,40,False,2004-09-26
"$121,933,539",+1%,137457770,-2.8%,148,Shark Tale,41,False,2004-10-03
"$107,377,130",-11.9%,122836427,-10.6%,149,Shark Tale,42,False,2004-10-10
"$119,661,264",+11.4%,134235918,+9.3%,145,The Grudge,43,False,2004-10-17
"$117,036,220",-2.2%,133140723,-0.8%,138,The Grudge,44,False,2004-10-24
"$179,363,705",+53.3%,199126382,+49.6%,127,The Incredibles,45,False,2004-10-31
"$158,196,321",-11.8%,175922676,-11.7%,125,The Incredibles,46,False,2004-11-07
"$209,636,892",+32.5%,236003513,+34.2%,118,National Treasure,47,False,2004-11-14
"$170,492,639",-18.7%,190490670,-19.3%,114,National Treasure,48,False,2004-11-21
"$100,820,917",-40.9%,118568064,-37.8%,114,National Treasure,49,False,2004-11-28
"$128,965,350",+27.9%,141349324,+19.2%,119,Ocean's Twelve,50,False,2004-12-05
"$175,539,557",+36.1%,204070862,+44.4%,106,A Series of Unfortunate Events,51,False,2004-12-12
"$250,601,052",+42.8%,307703200,+50.8%,101,Meet the Fockers,52,False,2004-12-19
"$149,949,957",-40.2%,193280990,-37.2%,99,Meet the Fockers,53,False,2004-12-26
"$116,733,182",-22.2%,150997898,-21.9%,103,Meet the Fockers,1,False,2005-01-02
"$148,652,073",+27.3%,186167827,+23.3%,95,Coach Carter,2,False,2005-01-09
"$101,165,462",-31.9%,129369622,-30.5%,109,Are We There Yet?,3,False,2005-01-16
"$120,245,513",+18.9%,153487355,+18.6%,112,Hide and Seek,4,False,2005-01-23
"$101,655,494",-15.5%,130493848,-15%,117,Boogeyman,5,False,2005-01-30
"$130,337,692",+28.2%,160157268,+22.7%,121,Hitch,6,False,2005-02-06
"$144,039,615",+10.5%,171946928,+7.4%,125,Hitch,7,False,2005-02-13
"$121,725,989",-15.5%,152711472,-11.2%,119,Diary of a Mad Black Woman,8,False,2005-02-20
"$128,015,285",+5.2%,152314032,-0.3%,119,The Pacifier,9,False,2005-02-27
"$130,040,752",+1.6%,151479470,-0.5%,129,Robots,10,False,2005-03-06
"$139,409,503",+7.2%,162866110,+7.5%,127,The Ring Two,11,False,2005-03-13
"$125,389,514",-10.1%,147441883,-9.5%,134,Guess Who,12,False,2005-03-20
"$116,404,055",-7.2%,132976367,-9.8%,132,Sin City,13,False,2005-03-27
"$95,189,183",-18.2%,111591498,-16.1%,129,Sahara,14,False,2005-04-03
"$91,209,895",-4.2%,107033627,-4.1%,132,The Amityville Horror,15,False,2005-04-10
"$99,077,322",+8.6%,118680249,+10.9%,132,The Interpreter,16,False,2005-04-17
"$95,826,045",-3.3%,112874640,-4.9%,140,The Hitchhiker's Guide to the Galaxy,17,False,2005-04-24
"$98,276,444",+2.6%,110977587,-1.7%,139,Kingdom of Heaven,18,False,2005-05-01
"$134,609,269",+37%,151574167,+36.6%,142,Star Wars: Episode III - Revenge of the Sith,19,False,2005-05-08
"$216,649,339",+60.9%,227332213,+50%,132,Star Wars: Episode III - Revenge of the Sith,20,False,2005-05-15
"$254,748,427",+17.6%,267095044,+17.5%,130,Star Wars: Episode III - Revenge of the Sith,21,False,2005-05-22
"$173,188,106",-32%,182384542,-31.7%,126,Madagascar,22,False,2005-05-29
"$210,183,422",+21.4%,227278917,+24.6%,139,Mr. & Mrs. Smith,23,False,2005-06-05
"$188,677,155",-10.2%,206201697,-9.3%,136,Batman Begins,24,False,2005-06-12
"$201,002,194",+6.5%,227344720,+10.3%,138,Batman Begins,25,False,2005-06-19
"$209,750,732",+4.4%,231678828,+1.9%,131,War of the Worlds,26,False,2005-06-26
"$196,319,137",-6.4%,217495971,-6.1%,124,Fantastic Four,27,False,2005-07-03
"$233,648,612",+19%,252658147,+16.2%,125,Charlie and the Chocolate Factory,28,False,2005-07-10
"$189,368,165",-19%,216578946,-14.3%,128,Charlie and the Chocolate Factory,29,False,2005-07-17
"$163,429,818",-13.7%,191841145,-11.4%,129,Wedding Crashers,30,False,2005-07-24
"$149,546,408",-8.5%,176268534,-8.1%,135,The Dukes of Hazzard,31,False,2005-07-31
"$147,068,194",-1.7%,177537610,+0.7%,126,Four Brothers,32,False,2005-08-07
"$132,177,821",-10.1%,162612842,-8.4%,122,The 40-Year-Old Virgin,33,False,2005-08-14
"$105,703,893",-20%,135457184,-16.7%,136,The 40-Year-Old Virgin,34,False,2005-08-21
"$84,039,325",-20.5%,107387120,-20.7%,134,Transporter 2,35,False,2005-08-28
"$89,778,479",+6.8%,110491833,+2.9%,138,The Exorcism of Emily Rose,36,False,2005-09-04
"$83,116,000",-7.4%,105730155,-4.3%,142,Just Like Heaven,37,False,2005-09-11
"$105,074,595",+26.4%,126031680,+19.2%,143,Flightplan,38,False,2005-09-18
"$91,201,191",-13.2%,114799346,-8.9%,148,Flightplan,39,False,2005-09-25
"$108,618,142",+19.1%,142177761,+23.8%,147,The Curse of the Were-Rabbit,40,False,2005-10-02
"$84,115,278",-22.6%,113084527,-20.5%,141,The Fog,41,False,2005-10-09
"$81,716,828",-2.9%,113036968,<0.1%,143,Doom,42,False,2005-10-16
"$108,609,207",+32.9%,135835213,+20.2%,145,Saw II,43,False,2005-10-23
"$147,577,007",+35.9%,176720913,+30.1%,136,Chicken Little,44,False,2005-10-30
"$127,148,517",-13.8%,151963687,-14%,144,Chicken Little,45,False,2005-11-06
"$252,052,880",+98.2%,284955028,+87.5%,142,Harry Potter and the Goblet of Fire,46,False,2005-11-13
"$168,530,120",-33.1%,196085780,-31.2%,128,Harry Potter and the Goblet of Fire,47,False,2005-11-20
"$91,305,670",-45.8%,109057911,-44.4%,137,Harry Potter and the Goblet of Fire,48,False,2005-11-27
"$156,473,929",+71.4%,172826019,+58.5%,134,"The Chronicles of Narnia: The Lion, the Witch and the Wardrobe",49,False,2005-12-04
"$185,534,833",+18.6%,210638955,+21.9%,109,King Kong,50,False,2005-12-11
"$265,596,821",+43.2%,311117246,+47.7%,93,"The Chronicles of Narnia: The Lion, the Witch and the Wardrobe",51,False,2005-12-18
"$193,017,706",-27.3%,235975577,-24.2%,103,"The Chronicles of Narnia: The Lion, the Witch and the Wardrobe",52,False,2005-12-25
"$121,272,586",-37.2%,157486991,-33.3%,95,Hostel,1,False,2006-01-01
"$129,344,471",+6.7%,177921887,+13%,102,Glory Road,2,False,2006-01-08
"$107,664,077",-16.8%,151900940,-14.6%,107,Underworld: Evolution,3,False,2006-01-15
"$113,246,505",+5.2%,157803091,+3.9%,110,Big Momma's House 2,4,False,2006-01-22
"$92,107,775",-18.7%,131108044,-16.9%,122,When a Stranger Calls,5,False,2006-01-29
"$127,191,757",+38.1%,159456409,+21.6%,119,Final Destination 3,6,False,2006-02-05
"$137,613,451",+8.2%,168002716,+5.4%,123,Eight Below,7,False,2006-02-12
"$114,795,296",-16.6%,147624529,-12.1%,131,Madea's Family Reunion,8,False,2006-02-19
"$94,608,373",-17.6%,128706689,-12.8%,129,16 Blocks,9,False,2006-02-26
"$119,558,689",+26.4%,149976313,+16.5%,126,Failure to Launch,10,False,2006-03-05
"$115,745,306",-3.2%,139109650,-7.2%,133,V for Vendetta,11,False,2006-03-12
"$121,406,020",+4.9%,141587260,+1.8%,124,Inside Man,12,False,2006-03-19
"$156,464,819",+28.9%,176854485,+24.9%,132,Ice Age: The Meltdown,13,False,2006-03-26
"$131,207,390",-16.1%,154563494,-12.6%,130,Ice Age: The Meltdown,14,False,2006-04-02
"$143,740,356",+9.6%,161778039,+4.7%,141,Scary Movie 4,15,False,2006-04-09
"$115,415,086",-19.7%,134475795,-16.9%,139,Silent Hill,16,False,2006-04-16
"$105,508,677",-8.6%,127430086,-5.2%,145,RV,17,False,2006-04-23
"$118,111,673",+11.9%,140437431,+10.2%,134,Mission: Impossible III,18,False,2006-04-30
"$102,215,906",-13.5%,127389306,-9.3%,133,Mission: Impossible III,19,False,2006-05-07
"$201,210,650",+96.8%,215985043,+69.5%,132,The Da Vinci Code,20,False,2006-05-14
"$270,869,833",+34.6%,283430948,+31.2%,125,X-Men: The Last Stand,21,False,2006-05-21
"$192,835,061",-28.8%,205482020,-27.5%,123,The Break-Up,22,False,2006-05-28
"$201,397,281",+4.4%,215576910,+4.9%,126,Cars,23,False,2006-06-04
"$206,035,510",+2.3%,224188245,+4%,126,Cars,24,False,2006-06-11
"$207,166,462",+0.5%,237074234,+5.7%,135,Click,25,False,2006-06-18
"$240,352,185",+16%,264523393,+11.6%,116,Superman Returns,26,False,2006-06-25
"$307,706,619",+28%,325580377,+23.1%,120,Pirates of the Caribbean: Dead Man's Chest,27,False,2006-07-02
"$219,887,888",-28.5%,238346414,-26.8%,122,Pirates of the Caribbean: Dead Man's Chest,28,False,2006-07-09
"$201,166,914",-8.5%,222285366,-6.7%,131,Pirates of the Caribbean: Dead Man's Chest,29,False,2006-07-16
"$166,043,491",-17.5%,202057568,-9.1%,122,Miami Vice,30,False,2006-07-23
"$175,648,261",+5.8%,219105930,+8.4%,127,Talladega Nights: The Ballad of Ricky Bobby,31,False,2006-07-30
"$150,314,011",-14.4%,191362903,-12.7%,133,Talladega Nights: The Ballad of Ricky Bobby,32,False,2006-08-06
"$120,088,854",-20.1%,155214114,-18.9%,139,Talladega Nights: The Ballad of Ricky Bobby,33,False,2006-08-13
"$103,948,789",-13.4%,140935955,-9.2%,130,Invincible,34,False,2006-08-20
"$99,523,301",-4.3%,139306039,-1.2%,133,Invincible,35,False,2006-08-27
"$63,640,718",-36.1%,92681094,-33.5%,130,The Covenant,36,False,2006-09-03
"$70,761,020",+11.2%,99023211,+6.8%,139,Gridiron Gang,37,False,2006-09-10
"$87,244,435",+23.3%,111885032,+13%,141,Jackass Number Two,38,False,2006-09-17
"$104,535,338",+19.8%,126231487,+12.8%,138,Open Season,39,False,2006-09-24
"$128,256,776",+22.7%,145681997,+15.4%,141,The Departed,40,False,2006-10-01
"$120,513,883",-6%,140461472,-3.6%,141,The Departed,41,False,2006-10-08
"$103,507,285",-14.1%,135287487,-3.7%,130,The Prestige,42,False,2006-10-15
"$108,553,269",+4.9%,137769320,+1.8%,130,Saw III,43,False,2006-10-22
"$143,632,367",+32.3%,172325590,+25.1%,135,Borat,44,False,2006-10-29
"$130,343,614",-9.3%,158077676,-8.3%,132,Borat,45,False,2006-11-05
"$203,470,952",+56.1%,239591449,+51.6%,133,Casino Royale,46,False,2006-11-12
"$165,139,696",-18.8%,192773683,-19.5%,121,Happy Feet,47,False,2006-11-19
"$95,960,450",-41.9%,118451028,-38.6%,124,Happy Feet,48,False,2006-11-26
"$108,348,252",+12.9%,127941774,+8%,125,Apocalypto,49,False,2006-12-03
"$161,767,579",+49.3%,190521762,+48.9%,113,The Pursuit of Happyness,50,False,2006-12-10
"$277,182,847",+71.3%,334658192,+75.7%,96,Night at the Museum,51,False,2006-12-17
"$222,463,689",-19.7%,269483538,-19.5%,103,Night at the Museum,52,False,2006-12-24
"$118,389,564",-46.8%,166868782,-38.1%,104,Night at the Museum,1,False,2006-12-31
"$125,014,395",+5.6%,175794454,+5.3%,104,Stomp the Yard,2,False,2007-01-07
"$84,510,337",-32.4%,128377546,-27%,103,Stomp the Yard,3,False,2007-01-14
"$100,864,284",+19.4%,148512963,+15.7%,110,Epic Movie,4,False,2007-01-21
"$83,006,932",-17.7%,118193250,-20.4%,118,The Messengers,5,False,2007-01-28
"$114,028,548",+37.4%,154250838,+30.5%,113,Norbit,6,False,2007-02-04
"$187,605,037",+64.5%,217197330,+40.8%,103,Ghost Rider,7,False,2007-02-11
"$116,776,908",-37.8%,145339995,-33.1%,108,Ghost Rider,8,False,2007-02-18
"$128,620,540",+10.1%,156086833,+7.4%,115,Wild Hogs,9,False,2007-02-25
"$182,643,559",+42%,207073592,+32.7%,113,300,10,False,2007-03-04
"$132,244,594",-27.6%,155704284,-24.8%,115,300,11,False,2007-03-11
"$147,179,747",+11.3%,173163089,+11.2%,121,TMNT,12,False,2007-03-18
"$152,350,131",+3.5%,179796289,+3.8%,120,Blades of Glory,13,False,2007-03-25
"$144,964,486",-4.8%,172380165,-4.1%,123,Blades of Glory,14,False,2007-04-01
"$113,847,513",-21.5%,148328528,-14%,118,Disturbia,15,False,2007-04-08
"$86,474,475",-24%,112767029,-24%,128,Disturbia,16,False,2007-04-15
"$70,993,333",-17.9%,98379347,-12.8%,128,Disturbia,17,False,2007-04-22
"$217,679,144",+206.6%,233218727,+137.1%,133,Spider-Man 3,18,False,2007-04-29
"$118,804,159",-45.4%,137710087,-41%,133,Spider-Man 3,19,False,2007-05-06
"$226,056,201",+90.3%,242038430,+75.8%,128,Shrek the Third,20,False,2007-05-13
"$281,475,231",+24.5%,293561496,+21.3%,116,Pirates of the Caribbean: At World's End,21,False,2007-05-20
"$178,075,787",-36.7%,190219347,-35.2%,121,Pirates of the Caribbean: At World's End,22,False,2007-05-27
"$184,960,338",+3.9%,194665697,+2.3%,131,Ocean's Thirteen,23,False,2007-06-03
"$200,747,391",+8.5%,212833027,+9.3%,126,Fantastic Four: Rise of the Silver Surfer,24,False,2007-06-10
"$189,902,238",-5.4%,209989259,-1.3%,124,Evan Almighty,25,False,2007-06-17
"$309,422,679",+62.9%,344818906,+64.2%,110,Transformers,26,False,2007-06-24
"$292,571,319",-5.4%,318421443,-7.7%,109,Transformers,27,False,2007-07-01
"$255,475,274",-12.7%,275248310,-13.6%,121,Harry Potter and the Order of the Phoenix,28,False,2007-07-08
"$221,823,817",-13.2%,240114489,-12.8%,113,I Now Pronounce You Chuck & Larry,29,False,2007-07-15
"$248,008,561",+11.8%,271391493,+13%,112,The Simpsons Movie,30,False,2007-07-22
"$228,548,479",-7.8%,254832303,-6.1%,108,The Bourne Ultimatum,31,False,2007-07-29
"$192,932,239",-15.6%,225115841,-11.7%,109,Rush Hour 3,32,False,2007-08-05
"$161,694,709",-16.2%,195841052,-13%,121,Superbad,33,False,2007-08-12
"$114,367,871",-29.3%,151221081,-22.8%,121,Superbad,34,False,2007-08-19
"$129,445,488",+13.2%,167130987,+10.5%,115,Halloween,35,False,2007-08-26
"$80,734,308",-37.6%,104968835,-37.2%,128,3:10 to Yuma,36,False,2007-09-02
"$76,737,394",-5%,101431230,-3.4%,138,The Brave One,37,False,2007-09-09
"$94,073,474",+22.6%,122274353,+20.5%,136,Resident Evil: Extinction,38,False,2007-09-16
"$91,368,687",-2.9%,116188090,-5%,134,The Game Plan,39,False,2007-09-23
"$84,209,414",-7.8%,113151934,-2.6%,135,The Game Plan,40,False,2007-09-30
"$103,346,033",+22.7%,130118965,+15%,140,Why Did I Get Married?,41,False,2007-10-07
"$87,682,233",-15.2%,116916147,-10.1%,142,30 Days of Night,42,False,2007-10-14
"$105,723,457",+20.6%,138506313,+18.5%,131,Saw IV,43,False,2007-10-21
"$149,691,843",+41.6%,171360977,+23.7%,115,American Gangster,44,False,2007-10-28
"$122,838,470",-17.9%,149088389,-13%,129,Bee Movie,45,False,2007-11-04
"$156,273,733",+27.2%,192826142,+29.3%,124,Beowulf,46,False,2007-11-11
"$164,697,921",+5.4%,191220949,-0.8%,120,Enchanted,47,False,2007-11-18
"$85,590,700",-48%,106660520,-44.2%,123,Enchanted,48,False,2007-11-25
"$86,411,193",+1%,107221399,+0.5%,127,The Golden Compass,49,False,2007-12-02
"$198,522,870",+129.7%,217076321,+102.5%,104,I Am Legend,50,False,2007-12-09
"$313,305,861",+57.8%,361407900,+66.5%,87,National Treasure: Book of Secrets,51,False,2007-12-16
"$274,175,292",-12.5%,323207192,-10.6%,90,National Treasure: Book of Secrets,52,False,2007-12-23
"$141,736,855",-48.3%,177963648,-44.9%,91,National Treasure: Book of Secrets,1,False,2007-12-30
"$125,377,047",-11.5%,166150636,-6.6%,100,The Bucket List,2,False,2008-01-06
"$173,966,427",+38.8%,213430946,+28.5%,108,Cloverfield,3,False,2008-01-13
"$135,258,604",-22.3%,179645198,-15.8%,110,Rambo,4,False,2008-01-20
"$124,274,538",-8.1%,167569102,-6.7%,109,Hannah Montana and Miley Cyrus: Best of Both Worlds Concert,5,False,2008-01-27
"$110,641,894",-11%,163776227,-2.3%,109,Fool's Gold,6,False,2008-02-03
"$154,887,433",+40%,192343387,+17.4%,105,Jumper,7,False,2008-02-10
"$104,355,965",-32.6%,137916018,-28.3%,113,Vantage Point,8,False,2008-02-17
"$93,154,885",-10.7%,124423353,-9.8%,119,Semi-Pro,9,False,2008-02-24
"$111,098,394",+19.3%,139254945,+11.9%,120,"10,000 BC",10,False,2008-03-02
"$140,792,979",+26.7%,169129070,+21.5%,127,Horton Hears a Who!,11,False,2008-03-09
"$134,171,861",-4.7%,163363199,-3.4%,120,Horton Hears a Who!,12,False,2008-03-16
"$108,590,498",-19.1%,137579839,-15.8%,124,21,13,False,2008-03-23
"$96,060,355",-11.5%,122353072,-11.1%,133,21,14,False,2008-03-30
"$94,684,122",-1.4%,117982354,-3.6%,131,Prom Night,15,False,2008-04-06
"$102,935,207",+8.7%,122425790,+3.8%,137,The Forbidden Kingdom,16,False,2008-04-13
"$96,950,652",-5.8%,120191813,-1.8%,145,Baby Mama,17,False,2008-04-20
"$187,127,830",+93%,201322833,+67.5%,137,Iron Man,18,False,2008-04-27
"$148,154,059",-20.8%,161117404,-20%,134,Iron Man,19,False,2008-05-04
"$183,802,588",+24.1%,194989641,+21%,141,The Chronicles of Narnia: Prince Caspian,20,False,2008-05-11
"$247,023,283",+34.4%,255670568,+31.1%,130,Indiana Jones and the Kingdom of the Crystal Skull,21,False,2008-05-18
"$222,660,920",-9.9%,230874659,-9.7%,134,Sex and the City,22,False,2008-05-25
"$239,359,021",+7.5%,247688287,+7.3%,125,Kung Fu Panda,23,False,2008-06-01
"$249,240,805",+4.1%,257194828,+3.8%,131,The Incredible Hulk,24,False,2008-06-08
"$200,616,725",-19.5%,212420940,-17.4%,123,Get Smart,25,False,2008-06-15
"$294,837,658",+47%,314910817,+48.2%,130,WALL·E,26,False,2008-06-22
"$226,479,420",-23.2%,243286058,-22.7%,125,Hancock,27,False,2008-06-29
"$202,794,056",-10.5%,220612387,-9.3%,131,Hellboy II: The Golden Army,28,False,2008-07-06
"$383,397,233",+89.1%,399148168,+80.9%,125,The Dark Knight,29,False,2008-07-13
"$261,084,506",-31.9%,278168136,-30.3%,126,The Dark Knight,30,False,2008-07-20
"$227,157,221",-13%,255492464,-8.2%,128,The Dark Knight,31,False,2008-07-27
"$171,577,864",-24.5%,196694829,-23%,124,The Dark Knight,32,False,2008-08-03
"$156,838,225",-8.6%,186478180,-5.2%,128,Tropic Thunder,33,False,2008-08-10
"$114,027,936",-27.3%,149399242,-19.9%,123,Tropic Thunder,34,False,2008-08-17
"$98,964,307",-13.2%,142741469,-4.5%,124,Tropic Thunder,35,False,2008-08-24
"$60,173,169",-39.2%,87753870,-38.5%,129,Bangkok Dangerous,36,False,2008-08-31
"$105,905,437",+76%,130409848,+48.6%,131,Burn After Reading,37,False,2008-09-07
"$92,187,291",-13%,113737699,-12.8%,136,Lakeview Terrace,38,False,2008-09-14
"$105,631,640",+14.6%,131345167,+15.5%,135,Eagle Eye,39,False,2008-09-21
"$114,761,042",+8.6%,145920333,+11.1%,129,Beverly Hills Chihuahua,40,False,2008-09-28
"$108,064,484",-5.8%,137258824,-5.9%,140,Beverly Hills Chihuahua,41,False,2008-10-05
"$101,472,261",-6.1%,128876834,-6.1%,138,Max Payne,42,False,2008-10-12
"$138,370,424",+36.4%,163878099,+27.2%,139,High School Musical 3: Senior Year,43,False,2008-10-19
"$92,246,520",-33.3%,117701516,-28.2%,144,High School Musical 3: Senior Year,44,False,2008-10-26
"$164,240,930",+78%,191312745,+62.5%,136,Madagascar: Escape 2 Africa,45,False,2008-11-02
"$162,460,121",-1.1%,180676613,-5.6%,131,Quantum of Solace,46,False,2008-11-09
"$242,135,166",+49%,263344410,+45.8%,122,Twilight,47,False,2008-11-16
"$181,026,545",-25.2%,194142940,-26.3%,107,Four Christmases,48,False,2008-11-23
"$95,131,560",-47.4%,107876766,-44.4%,120,Four Christmases,49,False,2008-11-30
"$103,733,109",+9%,122889599,+13.9%,109,The Day the Earth Stood Still,50,False,2008-12-07
"$163,535,576",+57.7%,212027468,+72.5%,103,Yes Man,51,False,2008-12-14
"$319,342,697",+95.3%,383425388,+80.8%,89,Marley & Me,52,False,2008-12-21
"$154,160,783",-51.7%,194232062,-49.3%,91,Marley & Me,1,False,2008-12-28
"$154,701,109",+0.4%,189012291,-2.7%,93,Gran Torino,2,False,2009-01-04
"$209,485,296",+35.4%,265145090,+40.3%,95,Paul Blart: Mall Cop,3,False,2009-01-11
"$146,871,188",-29.9%,200727151,-24.3%,93,Paul Blart: Mall Cop,4,False,2009-01-18
"$122,614,454",-16.5%,164544254,-18%,94,Taken,5,False,2009-01-25
"$152,258,648",+24.2%,192862838,+17.2%,96,He's Just Not That Into You,6,False,2009-02-01
"$201,360,752",+32.2%,254609109,+32%,98,Friday the 13th,7,False,2009-02-08
"$138,947,695",-31%,178175458,-30%,99,Madea Goes to Jail,8,False,2009-02-15
"$99,642,685",-28.3%,140646955,-21.1%,101,Madea Goes to Jail,9,False,2009-02-22
"$122,261,073",+22.7%,148090878,+5.3%,110,Watchmen,10,False,2009-03-01
"$112,000,339",-8.4%,135747610,-8.3%,105,Race to Witch Mountain,11,False,2009-03-08
"$122,035,287",+9%,139212908,+2.6%,110,Knowing,12,False,2009-03-15
"$170,359,128",+39.6%,184047508,+32.2%,110,Monsters vs. Aliens,13,False,2009-03-22
"$195,342,456",+14.7%,208993051,+13.6%,110,Fast & Furious,14,False,2009-03-29
"$165,529,207",-15.3%,182357504,-12.7%,112,Hannah Montana: The Movie,15,False,2009-04-05
"$123,227,897",-25.6%,142375825,-21.9%,126,17 Again,16,False,2009-04-12
"$124,937,252",+1.4%,143445917,+0.8%,118,Obsessed,17,False,2009-04-19
"$179,952,254",+44%,199539214,+39.1%,109,X-Men Origins: Wolverine,18,False,2009-04-26
"$182,398,663",+1.4%,197207527,-1.2%,118,Star Trek,19,False,2009-05-03
"$178,938,398",-1.9%,194386999,-1.4%,115,Angels & Demons,20,False,2009-05-10
"$248,462,487",+38.9%,261126333,+34.3%,116,Night at the Museum: Battle of the Smithsonian,21,False,2009-05-17
"$219,311,785",-11.7%,228584117,-12.5%,109,Up,22,False,2009-05-24
"$233,412,950",+6.4%,245147072,+7.2%,121,The Hangover,23,False,2009-05-31
"$197,001,631",-15.6%,210709464,-14%,127,The Hangover,24,False,2009-06-07
"$288,307,708",+46.3%,309178494,+46.7%,125,Transformers: Revenge of the Fallen,25,False,2009-06-14
"$323,677,668",+12.3%,347587297,+12.4%,117,Transformers: Revenge of the Fallen,26,False,2009-06-21
"$242,297,657",-25.1%,258153743,-25.7%,107,Ice Age: Dawn of the Dinosaurs,27,False,2009-06-28
"$271,744,827",+12.2%,290751948,+12.6%,110,Harry Potter and the Half-Blood Prince,28,False,2009-07-05
"$228,652,001",-15.9%,245102123,-15.7%,111,Harry Potter and the Half-Blood Prince,29,False,2009-07-12
"$213,835,047",-6.5%,236245623,-3.6%,115,G-Force,30,False,2009-07-19
"$162,731,361",-23.9%,194503657,-17.7%,120,Funny People,31,False,2009-07-26
"$187,962,258",+15.5%,221648143,+14%,115,G.I. Joe: The Rise of Cobra,32,False,2009-08-02
"$177,937,214",-5.3%,214480433,-3.2%,121,District 9,33,False,2009-08-09
"$150,747,740",-15.3%,181006317,-15.6%,123,Inglourious Basterds,34,False,2009-08-16
"$138,565,054",-8.1%,165895871,-8.3%,115,The Final Destination,35,False,2009-08-23
"$111,404,435",-19.6%,147803169,-10.9%,114,The Final Destination,36,False,2009-08-30
"$90,626,875",-18.7%,117978152,-20.2%,127,I Can Do Bad All by Myself,37,False,2009-09-06
"$103,832,322",+14.6%,129868143,+10.1%,138,Cloudy with a Chance of Meatballs,38,False,2009-09-13
"$99,634,886",-4%,124404083,-4.2%,141,Cloudy with a Chance of Meatballs,39,False,2009-09-20
"$110,813,594",+11.2%,137342155,+10.4%,133,Zombieland,40,False,2009-09-27
"$126,073,379",+13.8%,151809513,+10.5%,136,Couples Retreat,41,False,2009-10-04
"$157,746,033",+25.1%,176608879,+16.3%,136,Where the Wild Things Are,42,False,2009-10-11
"$132,657,940",-15.9%,158521524,-10.2%,134,Paranormal Activity,43,False,2009-10-18
"$105,384,456",-20.6%,124452095,-21.5%,138,This Is It,44,False,2009-10-25
"$139,857,655",+32.7%,164401568,+32.1%,130,A Christmas Carol,45,False,2009-11-01
"$155,071,541",+10.9%,176987194,+7.7%,134,2012,46,False,2009-11-08
"$364,198,563",+134.9%,389986304,+120.3%,133,The Twilight Saga: New Moon,47,False,2009-11-15
"$206,931,173",-43.2%,225286338,-42.2%,116,The Twilight Saga: New Moon,48,False,2009-11-22
"$110,601,678",-46.6%,129011486,-42.7%,116,The Blind Side,49,False,2009-11-29
"$109,134,426",-1.3%,129382686,+0.3%,110,The Princess and the Frog,50,False,2009-12-06
"$249,211,274",+128.4%,274045181,+111.8%,97,Avatar,51,False,2009-12-13
"$476,104,625",+91%,505152202,+84.3%,82,Avatar,52,False,2009-12-20
"$267,160,812",-43.9%,288509520,-42.9%,82,Avatar,1,False,2009-12-27
"$191,104,665",-28.5%,212425555,-26.4%,92,Avatar,2,False,2010-01-03
"$214,998,622",+12.5%,246834769,+16.2%,98,Avatar,3,False,2010-01-10
"$154,058,552",-28.3%,186197011,-24.6%,100,Avatar,4,False,2010-01-17
"$134,079,077",-13%,163249125,-12.3%,98,Avatar,5,False,2010-01-24
"$124,745,365",-7%,150977103,-7.5%,105,Dear John,6,False,2010-01-31
"$243,788,309",+95.4%,274911492,+82.1%,101,Valentine's Day,7,False,2010-02-07
"$149,864,143",-38.5%,170415749,-38%,111,Shutter Island,8,False,2010-02-14
"$135,377,970",-9.7%,156167406,-8.4%,112,Shutter Island,9,False,2010-02-21
"$233,698,295",+72.6%,253480439,+62.3%,112,Alice in Wonderland,10,False,2010-02-28
"$175,375,317",-25%,201010289,-20.7%,114,Alice in Wonderland,11,False,2010-03-07
"$142,627,446",-18.7%,164557173,-18.1%,107,Alice in Wonderland,12,False,2010-03-14
"$168,050,502",+17.8%,196468026,+19.4%,118,How to Train Your Dragon,13,False,2010-03-21
"$233,119,762",+38.7%,250319855,+27.4%,119,Clash of the Titans,14,False,2010-03-28
"$146,338,317",-37.2%,159992058,-36.1%,118,Clash of the Titans,15,False,2010-04-04
"$136,625,624",-6.6%,155463349,-2.8%,122,Kick-Ass,16,False,2010-04-11
"$109,653,627",-19.7%,128734978,-17.2%,121,How to Train Your Dragon,17,False,2010-04-18
"$108,758,158",-0.8%,128020832,-0.6%,121,A Nightmare on Elm Street,18,False,2010-04-25
"$210,622,260",+93.7%,227854671,+78%,123,Iron Man 2,19,False,2010-05-02
"$167,149,252",-20.6%,182351307,-20%,124,Iron Man 2,20,False,2010-05-09
"$196,322,161",+17.5%,210675007,+15.5%,119,Shrek Forever After,21,False,2010-05-16
"$221,904,259",+13%,235029188,+11.6%,114,Shrek Forever After,22,False,2010-05-23
"$174,015,593",-21.6%,186228148,-20.8%,125,Shrek Forever After,23,False,2010-05-30
"$201,765,833",+15.9%,218553220,+17.4%,121,The Karate Kid,24,False,2010-06-06
"$284,954,056",+41.2%,307696026,+40.8%,121,Toy Story 3,25,False,2010-06-13
"$334,456,699",+17.4%,358919937,+16.6%,115,The Twilight Saga: Eclipse,26,False,2010-06-20
"$318,281,360",-4.8%,335174558,-6.6%,112,The Twilight Saga: Eclipse,27,False,2010-06-27
"$277,162,342",-12.9%,293659395,-12.4%,115,Despicable Me,28,False,2010-07-04
"$265,582,738",-4.2%,279914074,-4.7%,112,Inception,29,False,2010-07-11
"$229,856,564",-13.5%,247823919,-11.5%,109,Inception,30,False,2010-07-18
"$201,994,245",-12.1%,228843650,-7.7%,112,Inception,31,False,2010-07-25
"$179,960,773",-10.9%,205380980,-10.3%,112,The Other Guys,32,False,2010-08-01
"$189,669,347",+5.4%,221294779,+7.7%,114,The Expendables,33,False,2010-08-08
"$144,540,106",-23.8%,183643220,-17%,121,The Expendables,34,False,2010-08-15
"$116,285,931",-19.5%,157924612,-14%,122,Takers,35,False,2010-08-22
"$108,704,262",-6.5%,154078058,-2.4%,123,The American,36,False,2010-08-29
"$81,070,649",-25.4%,107283399,-30.4%,138,Resident Evil: Afterlife,37,False,2010-09-05
"$109,280,426",+34.8%,131316767,+22.4%,146,The Town,38,False,2010-09-12
"$114,976,969",+5.2%,131313391,<0.1%,144,Wall Street: Money Never Sleeps,39,False,2010-09-19
"$108,025,163",-6%,124942530,-4.9%,148,The Social Network,40,False,2010-09-26
"$105,943,348",-1.9%,129022790,+3.3%,147,The Social Network,41,False,2010-10-03
"$153,145,471",+44.6%,172955016,+34%,153,Jackass 3D,42,False,2010-10-10
"$148,384,182",-3.1%,168346763,-2.7%,135,Paranormal Activity 2,43,False,2010-10-17
"$111,168,957",-25.1%,128027682,-24%,132,Saw 3D,44,False,2010-10-24
"$180,525,204",+62.4%,205751189,+60.7%,132,Megamind,45,False,2010-10-31
"$133,462,562",-26.1%,151745628,-26.2%,128,Megamind,46,False,2010-11-07
"$280,466,321",+110.1%,307994976,+103%,126,Harry Potter and the Deathly Hallows: Part 1,47,False,2010-11-14
"$199,412,668",-28.9%,216542327,-29.7%,108,Harry Potter and the Deathly Hallows: Part 1,48,False,2010-11-21
"$96,214,123",-51.8%,112249551,-48.2%,120,Tangled,49,False,2010-11-28
"$108,360,307",+12.6%,123480611,+10%,126,The Chronicles of Narnia: The Voyage of the Dawn Treader,50,False,2010-12-05
"$221,089,081",+104%,249283195,+101.9%,118,TRON: Legacy,51,False,2010-12-12
"$292,069,710",+32.1%,332900157,+33.5%,101,Little Fockers,52,False,2010-12-19
"$185,143,826",-36.6%,216588441,-34.9%,103,Little Fockers,53,False,2010-12-26
"$117,668,025",-36.4%,148114478,-31.6%,106,True Grit,1,False,2011-01-02
"$151,219,974",+28.5%,185023934,+24.9%,114,The Green Hornet,2,False,2011-01-09
"$109,925,009",-27.3%,135366417,-26.8%,110,No Strings Attached,3,False,2011-01-16
"$111,152,652",+1.1%,139660347,+3.2%,108,The Rite,4,False,2011-01-23
"$89,445,107",-19.5%,115449835,-17.3%,117,The Roommate,5,False,2011-01-30
"$167,127,531",+86.8%,196852055,+70.5%,119,Just Go with It,6,False,2011-02-06
"$177,560,299",+6.2%,205969087,+4.6%,112,Unknown,7,False,2011-02-13
"$117,157,208",-34%,140375523,-31.8%,111,Hall Pass,8,False,2011-02-20
"$142,454,921",+21.6%,168412622,+20%,111,Rango,9,False,2011-02-27
"$153,105,953",+7.5%,179108604,+6.4%,124,Battle Los Angeles,10,False,2011-03-06
"$131,245,337",-14.3%,153894371,-14.1%,128,Limitless,11,False,2011-03-13
"$134,375,173",+2.4%,157827277,+2.6%,129,Diary of a Wimpy Kid: Rodrick Rules,12,False,2011-03-20
"$142,117,561",+5.8%,162920726,+3.2%,131,Hop,13,False,2011-03-27
"$122,359,193",-13.9%,146002691,-10.4%,133,Hop,14,False,2011-04-03
"$155,725,687",+27.3%,184364020,+26.3%,124,Rio,15,False,2011-04-10
"$149,439,375",-4%,180045162,-2.3%,136,Rio,16,False,2011-04-17
"$174,121,583",+16.5%,199511346,+10.8%,126,Fast Five,17,False,2011-04-24
"$195,807,398",+12.5%,215916165,+8.2%,135,Thor,18,False,2011-05-01
"$168,272,530",-14.1%,187077134,-13.4%,135,Thor,19,False,2011-05-08
"$237,529,312",+41.2%,256839160,+37.3%,129,Pirates of the Caribbean: On Stranger Tides,20,False,2011-05-15
"$313,967,197",+32.2%,330413723,+28.6%,118,The Hangover Part II,21,False,2011-05-22
"$213,433,537",-32%,225856713,-31.6%,122,X-Men: First Class,22,False,2011-05-29
"$189,912,567",-11%,201738518,-10.7%,111,Super 8,23,False,2011-06-05
"$212,376,999",+11.8%,227254468,+12.6%,116,Green Lantern,24,False,2011-06-12
"$291,750,566",+37.4%,317595770,+39.8%,124,Cars 2,25,False,2011-06-19
"$294,136,214",+0.8%,320690194,+1%,118,Transformers: Dark of the Moon,26,False,2011-06-26
"$209,310,378",-28.8%,234047748,-27%,129,Transformers: Dark of the Moon,27,False,2011-07-03
"$352,224,713",+68.3%,375468293,+60.4%,132,Harry Potter and the Deathly Hallows: Part 2,28,False,2011-07-10
"$265,875,604",-24.5%,284813288,-24.1%,125,Captain America: The First Avenger,29,False,2011-07-17
"$255,672,815",-3.8%,275953728,-3.1%,132,The Smurfs,30,False,2011-07-24
"$233,695,663",-8.6%,259290324,-6%,137,Rise of the Planet of the Apes,31,False,2011-07-31
"$201,633,393",-13.7%,234139529,-9.7%,134,The Help,32,False,2011-08-07
"$139,808,541",-30.7%,179632318,-23.3%,136,The Help,33,False,2011-08-14
"$99,829,698",-28.6%,137102685,-23.7%,140,The Help,34,False,2011-08-21
"$114,907,250",+15.1%,161436697,+17.7%,136,The Help,35,False,2011-08-28
"$80,789,849",-29.7%,109344057,-32.3%,143,Contagion,36,False,2011-09-04
"$110,527,635",+36.8%,136401687,+24.7%,146,The Lion King2011 3D Release,37,False,2011-09-11
"$135,551,669",+22.6%,155047385,+13.7%,146,The Lion King2011 3D Release,38,False,2011-09-18
"$105,872,089",-21.9%,127805558,-17.6%,137,Dolphin Tale,39,False,2011-09-25
"$108,759,905",+2.7%,130735511,+2.3%,136,Real Steel,40,False,2011-10-02
"$94,775,296",-12.9%,115992630,-11.3%,143,Real Steel,41,False,2011-10-09
"$130,461,477",+37.7%,152524730,+31.5%,146,Paranormal Activity 3,42,False,2011-10-16
"$118,805,027",-8.9%,139629440,-8.5%,142,Puss in Boots,43,False,2011-10-23
"$128,579,152",+8.2%,147877492,+5.9%,142,Puss in Boots,44,False,2011-10-30
"$151,751,842",+18%,168363170,+13.9%,129,Immortals,45,False,2011-11-06
"$304,733,871",+100.8%,329160788,+95.5%,118,The Twilight Saga: Breaking Dawn - Part 1,46,False,2011-11-13
"$176,473,774",-42.1%,197927420,-39.9%,115,The Twilight Saga: Breaking Dawn - Part 1,47,False,2011-11-20
"$88,847,279",-49.7%,104461189,-47.2%,108,The Twilight Saga: Breaking Dawn - Part 1,48,False,2011-11-27
"$84,450,516",-4.9%,101221324,-3.1%,117,New Year's Eve,49,False,2011-12-04
"$182,384,988",+116%,213257570,+110.7%,108,Sherlock Holmes: A Game of Shadows,50,False,2011-12-11
"$300,321,580",+64.7%,345401912,+62%,99,Mission: Impossible - Ghost Protocol,51,False,2011-12-18
"$213,642,649",-28.9%,248070722,-28.2%,100,Mission: Impossible - Ghost Protocol,52,False,2011-12-25
"$150,620,904",-29.5%,176213282,-29%,98,The Devil Inside,1,False,2012-01-01
"$149,323,266",-0.9%,191051103,+8.4%,108,Contraband,2,False,2012-01-08
"$133,942,552",-10.3%,175635273,-8.1%,117,Underworld: Awakening,3,False,2012-01-15
"$117,177,296",-12.5%,162946338,-7.2%,112,The Grey,4,False,2012-01-22
"$113,105,124",-3.5%,151149413,-7.2%,112,Chronicle,5,False,2012-01-29
"$225,174,263",+99.1%,260405857,+72.3%,117,The Vow,6,False,2012-02-05
"$192,119,399",-14.7%,227801178,-12.5%,125,Safe House,7,False,2012-02-12
"$134,303,089",-30.1%,169971943,-25.4%,125,Act of Valor,8,False,2012-02-19
"$182,341,151",+35.8%,212870744,+25.2%,125,The Lorax,9,False,2012-02-26
"$157,391,122",-13.7%,187226987,-12%,139,The Lorax,10,False,2012-03-04
"$124,136,351",-21.1%,149333683,-20.2%,133,21 Jump Street,11,False,2012-03-11
"$256,545,436",+106.7%,274488466,+83.8%,128,The Hunger Games,12,False,2012-03-18
"$197,658,231",-23%,213872724,-22.1%,133,The Hunger Games,13,False,2012-03-25
"$163,808,692",-17.1%,176648120,-17.4%,128,The Hunger Games,14,False,2012-04-01
"$133,105,295",-18.7%,147587293,-16.5%,127,The Hunger Games,15,False,2012-04-08
"$152,561,948",+14.6%,175536523,+18.9%,139,Think Like a Man,16,False,2012-04-15
"$116,310,082",-23.8%,142586881,-18.8%,137,Think Like a Man,17,False,2012-04-22
"$322,645,881",+177.4%,338936048,+137.7%,139,The Avengers,18,False,2012-04-29
"$211,352,693",-34.5%,229277363,-32.4%,140,The Avengers,19,False,2012-05-06
"$183,458,682",-13.2%,196111045,-14.5%,133,The Avengers,20,False,2012-05-13
"$220,614,576",+20.3%,236073022,+20.4%,130,Men in Black 3,21,False,2012-05-20
"$183,580,509",-16.8%,199888969,-15.3%,133,Snow White and the Huntsman,22,False,2012-05-27
"$243,319,335",+32.5%,259135403,+29.6%,139,Madagascar 3: Europe's Most Wanted,23,False,2012-06-03
"$181,457,056",-25.4%,197217988,-23.9%,119,Madagascar 3: Europe's Most Wanted,24,False,2012-06-10
"$227,166,947",+25.2%,247135768,+25.3%,115,Brave,25,False,2012-06-17
"$364,397,987",+60.4%,407227730,+64.8%,112,Ted,26,False,2012-06-24
"$267,818,441",-26.5%,297433730,-27%,117,The Amazing Spider-Man,27,False,2012-07-01
"$226,618,534",-15.4%,253392893,-14.8%,120,Ice Age: Continental Drift,28,False,2012-07-08
"$323,341,789",+42.7%,339974008,+34.2%,117,The Dark Knight Rises,29,False,2012-07-15
"$191,873,716",-40.7%,209000501,-38.5%,113,The Dark Knight Rises,30,False,2012-07-22
"$169,538,353",-11.6%,191209829,-8.5%,122,The Dark Knight Rises,31,False,2012-07-29
"$188,756,238",+11.3%,213835068,+11.8%,125,The Bourne Legacy,32,False,2012-08-05
"$171,448,387",-9.2%,199383383,-6.8%,119,The Expendables 2,33,False,2012-08-12
"$102,049,859",-40.5%,133939756,-32.8%,128,The Expendables 2,34,False,2012-08-19
"$117,073,646",+14.7%,156149036,+16.6%,117,The Possession,35,False,2012-08-26
"$60,277,332",-48.5%,87919567,-43.7%,128,The Possession,36,False,2012-09-02
"$83,579,932",+38.7%,114083012,+29.8%,135,Resident Evil: Retribution,37,False,2012-09-09
"$94,199,852",+12.7%,120245860,+5.4%,137,End of Watch,38,False,2012-09-16
"$129,894,790",+37.9%,152474679,+26.8%,137,Hotel Transylvania,39,False,2012-09-23
"$172,449,357",+32.8%,189881467,+24.5%,127,Taken 2,40,False,2012-09-30
"$151,423,457",-12.2%,169040444,-11%,134,Taken 2,41,False,2012-10-07
"$144,076,593",-4.9%,162974135,-3.6%,134,Paranormal Activity 4,42,False,2012-10-14
"$100,548,833",-30.2%,126723820,-22.2%,133,Argo,43,False,2012-10-21
"$151,498,922",+50.7%,179743679,+41.8%,131,Wreck-It Ralph,44,False,2012-10-28
"$211,821,138",+39.8%,231965804,+29.1%,131,Skyfall,45,False,2012-11-04
"$361,708,982",+70.8%,382988260,+65.1%,128,The Twilight Saga: Breaking Dawn - Part 2,46,False,2012-11-11
"$242,206,732",-33%,254086150,-33.7%,113,The Twilight Saga: Breaking Dawn - Part 2,47,False,2012-11-18
"$129,948,327",-46.3%,148475343,-41.6%,117,The Twilight Saga: Breaking Dawn - Part 2,48,False,2012-11-25
"$91,033,020",-29.9%,108922796,-26.6%,131,Skyfall,49,False,2012-12-02
"$174,095,873",+91.2%,192917642,+77.1%,125,The Hobbit: An Unexpected Journey,50,False,2012-12-09
"$266,434,842",+53%,319123357,+65.4%,106,The Hobbit: An Unexpected Journey,51,False,2012-12-16
"$279,940,124",+5.1%,329822992,+3.4%,104,The Hobbit: An Unexpected Journey,52,False,2012-12-23
"$152,133,706",-45.7%,193656826,-41.3%,105,Django Unchained,1,False,2012-12-30
"$149,387,288",-1.8%,187928178,-3%,104,Zero Dark Thirty,2,False,2013-01-06
"$146,662,380",-1.8%,193889853,+3.2%,103,Mama,3,False,2013-01-13
"$105,088,994",-28.3%,146135716,-24.6%,104,Hansel & Gretel: Witch Hunters,4,False,2013-01-20
"$85,975,504",-18.2%,118805418,-18.7%,107,Warm Bodies,5,False,2013-01-27
"$125,253,826",+45.7%,164904804,+38.8%,107,Identity Thief,6,False,2013-02-03
"$168,643,187",+34.6%,199428660,+20.9%,110,A Good Day to Die Hard,7,False,2013-02-10
"$107,063,681",-36.5%,134207125,-32.7%,104,Identity Thief,8,False,2013-02-17
"$111,455,760",+4.1%,140795988,+4.9%,111,Jack the Giant Slayer,9,False,2013-02-24
"$167,146,348",+50%,190987490,+35.6%,115,Oz the Great and Powerful,10,False,2013-03-03
"$120,884,098",-27.7%,141553988,-25.9%,111,Oz the Great and Powerful,11,False,2013-03-10
"$186,579,465",+54.3%,206711471,+46%,127,The Croods,12,False,2013-03-17
"$196,934,467",+5.5%,212101323,+2.6%,134,G.I. Joe: Retaliation,13,False,2013-03-24
"$155,693,268",-20.9%,169598356,-20%,133,Evil Dead,14,False,2013-03-31
"$133,217,250",-14.4%,150099389,-11.5%,133,42,15,False,2013-04-07
"$122,641,148",-7.9%,141603891,-5.7%,135,Oblivion,16,False,2013-04-14
"$101,153,160",-17.5%,120572561,-14.9%,134,Pain & Gain,17,False,2013-04-21
"$257,961,549",+155%,271247902,+125%,135,Iron Man 3,18,False,2013-04-28
"$204,809,319",-20.6%,218514742,-19.4%,134,Iron Man 3,19,False,2013-05-05
"$208,678,960",+1.9%,220229837,+0.8%,119,Star Trek Into Darkness,20,False,2013-05-12
"$358,998,311",+72%,369640050,+67.8%,117,Fast & Furious 6,21,False,2013-05-19
"$219,986,128",-38.7%,229027733,-38%,123,Fast & Furious 6,22,False,2013-05-26
"$205,830,183",-6.4%,232123083,+1.4%,119,The Purge,23,False,2013-06-02
"$271,838,230",+32.1%,289031400,+24.5%,113,Man of Steel,24,False,2013-06-09
"$337,710,172",+24.2%,356403141,+23.3%,113,Monsters University,25,False,2013-06-16
"$357,517,138",+5.9%,382677490,+7.4%,117,Monsters University,26,False,2013-06-23
"$323,465,572",-9.5%,339155772,-11.4%,107,Despicable Me 2,27,False,2013-06-30
"$273,856,971",-15.3%,300442364,-11.4%,119,Despicable Me 2,28,False,2013-07-07
"$263,954,181",-3.6%,296904641,-1.2%,120,The Conjuring,29,False,2013-07-14
"$226,435,781",-14.2%,264928176,-10.8%,115,The Wolverine,30,False,2013-07-21
"$180,883,701",-20.1%,225090192,-15%,113,2 Guns,31,False,2013-07-28
"$204,748,975",+13.2%,237865897,+5.7%,113,Elysium,32,False,2013-08-04
"$162,803,477",-20.5%,205691977,-13.5%,128,The Butler,33,False,2013-08-11
"$118,521,644",-27.2%,157051178,-23.6%,126,The Butler,34,False,2013-08-18
"$125,742,252",+6.1%,186119930,+18.5%,127,The Butler,35,False,2013-08-25
"$79,372,983",-36.9%,110174966,-40.8%,147,Riddick,36,False,2013-09-01
"$107,367,381",+35.3%,130724749,+18.7%,151,Insidious: Chapter 2,37,False,2013-09-08
"$90,069,837",-16.1%,113042385,-13.5%,152,Prisoners,38,False,2013-09-15
"$114,394,335",+27%,136352516,+20.6%,143,Cloudy with a Chance of Meatballs 2,39,False,2013-09-22
"$150,163,820",+31.3%,170507756,+25%,143,Gravity,40,False,2013-09-29
"$144,942,414",-3.5%,163531879,-4.1%,137,Gravity,41,False,2013-10-06
"$118,733,723",-18.1%,137515450,-15.9%,134,Gravity,42,False,2013-10-13
"$123,093,095",+3.7%,136670494,-0.6%,127,Jackass Presents: Bad Grandpa,43,False,2013-10-20
"$149,483,282",+21.4%,166027607,+21.5%,130,Ender's Game,44,False,2013-10-27
"$207,463,472",+38.8%,221692830,+33.5%,136,Thor: The Dark World,45,False,2013-11-03
"$145,499,676",-29.9%,161583196,-27.1%,125,Thor: The Dark World,46,False,2013-11-10
"$328,856,289",+126%,356497254,+120.6%,116,The Hunger Games: Catching Fire,47,False,2013-11-17
"$223,223,284",-32.1%,246833082,-30.8%,122,The Hunger Games: Catching Fire,48,False,2013-11-24
"$110,073,479",-50.7%,125400294,-49.2%,105,Frozen,49,False,2013-12-01
"$193,974,627",+76.2%,210111906,+67.6%,108,The Hobbit: The Desolation of Smaug,50,False,2013-12-08
"$300,954,757",+55.2%,347353915,+65.3%,94,The Hobbit: The Desolation of Smaug,51,False,2013-12-15
"$315,587,345",+4.9%,368526048,+6.1%,92,Frozen,52,False,2013-12-22
"$159,343,109",-49.5%,190086612,-48.4%,92,Frozen,1,False,2013-12-29
"$150,397,106",-5.6%,188892293,-0.6%,101,Lone Survivor,2,False,2014-01-05
"$203,206,065",+35.1%,246827021,+30.7%,104,Ride Along,3,False,2014-01-12
"$120,507,999",-40.7%,154648033,-37.3%,110,Ride Along,4,False,2014-01-19
"$85,426,599",-29.1%,114148109,-26.2%,106,Ride Along,5,False,2014-01-26
"$161,597,230",+89.2%,193105244,+69.2%,120,The Lego Movie,6,False,2014-02-02
"$208,274,585",+28.9%,241339975,+25%,118,The Lego Movie,7,False,2014-02-09
"$117,537,472",-43.6%,142101720,-41.1%,119,The Lego Movie,8,False,2014-02-16
"$132,712,053",+12.9%,159786536,+12.4%,126,Non-Stop,9,False,2014-02-23
"$170,490,799",+28.5%,193720702,+21.2%,117,300: Rise of an Empire,10,False,2014-03-02
"$127,965,571",-24.9%,149677184,-22.7%,122,Mr. Peabody & Sherman,11,False,2014-03-09
"$170,465,445",+33.2%,188112093,+25.7%,124,Divergent,12,False,2014-03-16
"$159,801,347",-6.3%,181733864,-3.4%,124,Noah,13,False,2014-03-23
"$196,678,724",+23.1%,212596140,+17%,126,Captain America: The Winter Soldier,14,False,2014-03-30
"$186,574,452",-5.1%,203338691,-4.4%,121,Captain America: The Winter Soldier,15,False,2014-04-06
"$156,755,135",-16%,181264941,-10.9%,121,Captain America: The Winter Soldier,16,False,2014-04-13
"$125,165,476",-20.2%,151618577,-16.4%,123,The Other Woman,17,False,2014-04-20
"$175,759,587",+40.4%,193201263,+27.4%,127,The Amazing Spider-Man 2,18,False,2014-04-27
"$160,996,916",-8.4%,179028025,-7.3%,129,Neighbors,19,False,2014-05-04
"$216,442,291",+34.4%,232393700,+29.8%,120,Godzilla,20,False,2014-05-11
"$256,416,763",+18.5%,276211722,+18.9%,119,X-Men: Days of Future Past,21,False,2014-05-18
"$216,842,737",-15.4%,230601707,-16.5%,119,Maleficent,22,False,2014-05-25
"$220,504,224",+1.7%,235595385,+2.2%,130,The Fault in Our Stars,23,False,2014-06-01
"$259,565,768",+17.7%,274993544,+16.7%,138,22 Jump Street,24,False,2014-06-08
"$203,528,148",-21.6%,220210101,-19.9%,125,22 Jump Street,25,False,2014-06-15
"$260,558,197",+28%,289901037,+31.6%,135,Transformers: Age of Extinction,26,False,2014-06-22
"$176,616,643",-32.2%,204482485,-29.5%,121,Transformers: Age of Extinction,27,False,2014-06-29
"$200,657,605",+13.6%,227126382,+11.1%,129,Dawn of the Planet of the Apes,28,False,2014-07-06
"$191,125,930",-4.8%,220539822,-2.9%,125,Dawn of the Planet of the Apes,29,False,2014-07-13
"$192,387,445",+0.7%,228576572,+3.6%,129,Lucy,30,False,2014-07-20
"$240,966,020",+25.3%,271992148,+19%,125,Guardians of the Galaxy,31,False,2014-07-27
"$246,226,841",+2.2%,276226383,+1.6%,129,Teenage Mutant Ninja Turtles,32,False,2014-08-03
"$176,836,799",-28.2%,203826063,-26.2%,118,Teenage Mutant Ninja Turtles,33,False,2014-08-10
"$130,765,914",-26.1%,157750308,-22.6%,119,Guardians of the Galaxy,34,False,2014-08-17
"$122,883,981",-6%,163548362,+3.7%,125,Guardians of the Galaxy,35,False,2014-08-24
"$63,265,254",-48.5%,88040756,-46.2%,138,Guardians of the Galaxy,36,False,2014-08-31
"$91,833,864",+45.2%,116621917,+32.5%,144,No Good Deed,37,False,2014-09-07
"$114,768,662",+25%,133255672,+14.3%,141,The Maze Runner,38,False,2014-09-14
"$122,343,816",+6.6%,139361329,+4.6%,155,The Equalizer,39,False,2014-09-21
"$175,329,016",+43.3%,193722333,+39%,146,Gone Girl,40,False,2014-09-28
"$178,687,633",+1.9%,202385961,+4.5%,139,Gone Girl,41,False,2014-10-05
"$150,451,372",-15.8%,172777362,-14.6%,135,Fury,42,False,2014-10-12
"$126,307,521",-16%,151552712,-12.3%,136,Ouija,43,False,2014-10-19
"$99,964,533",-20.9%,129970379,-14.2%,130,Nightcrawler,44,False,2014-10-26
"$197,210,080",+97.3%,218258177,+67.9%,135,Big Hero 6,45,False,2014-11-02
"$155,116,315",-21.3%,174787606,-19.9%,125,Dumb and Dumber To,46,False,2014-11-09
"$279,179,001",+80%,301024424,+72.2%,111,The Hunger Games: Mockingjay - Part 1,47,False,2014-11-16
"$180,547,923",-35.3%,195931810,-34.9%,117,The Hunger Games: Mockingjay - Part 1,48,False,2014-11-23
"$87,660,059",-51.4%,101819700,-48%,117,The Hunger Games: Mockingjay - Part 1,49,False,2014-11-30
"$129,511,984",+47.7%,146098083,+43.5%,109,The Hobbit: The Battle of the Five Armies,50,False,2014-12-07
"$240,192,982",+85.5%,287998336,+97.1%,102,The Hobbit: The Battle of the Five Armies,51,False,2014-12-14
"$330,568,594",+37.6%,391450158,+35.9%,93,The Hobbit: The Battle of the Five Armies,52,False,2014-12-21
"$158,783,825",-52%,197541369,-49.5%,101,The Hobbit: The Battle of the Five Armies,1,False,2014-12-28
"$134,822,729",-15.1%,165590418,-16.2%,102,Taken 3,2,False,2015-01-04
"$262,550,545",+94.7%,299050139,+80.6%,103,American Sniper,3,False,2015-01-11
"$171,072,262",-34.8%,202836555,-32.2%,109,American Sniper,4,False,2015-01-18
"$105,952,246",-38.1%,136462275,-32.7%,105,American Sniper,5,False,2015-01-25
"$161,550,818",+52.5%,187711999,+37.6%,104,The SpongeBob Movie: Sponge Out of Water,6,False,2015-02-01
"$264,466,422",+63.7%,291159331,+55.1%,102,Fifty Shades of Grey,7,False,2015-02-08
"$134,348,130",-49.2%,155693517,-46.5%,106,Fifty Shades of Grey,8,False,2015-02-15
"$114,282,869",-14.9%,137546307,-11.7%,108,Focus,9,False,2015-02-22
"$97,655,510",-14.5%,121657937,-11.6%,111,Chappie,10,False,2015-03-01
"$153,927,894",+57.6%,176458901,+45%,108,Cinderella,11,False,2015-03-08
"$150,960,533",-1.9%,170340262,-3.5%,109,The Divergent Series: Insurgent,12,False,2015-03-15
"$187,867,298",+24.4%,203140997,+19.3%,105,Home,13,False,2015-03-22
"$297,674,716",+58.4%,310171232,+52.7%,113,Furious 7,14,False,2015-03-29
"$154,534,173",-48.1%,165748533,-46.6%,116,Furious 7,15,False,2015-04-05
"$137,709,352",-10.9%,153661866,-7.3%,128,Furious 7,16,False,2015-04-12
"$98,576,762",-28.4%,121168729,-21.1%,126,Furious 7,17,False,2015-04-19
"$279,355,345",+183.4%,292973658,+141.8%,119,Avengers: Age of Ultron,18,False,2015-04-26
"$152,015,224",-45.6%,168341793,-42.5%,105,Avengers: Age of Ultron,19,False,2015-05-03
"$229,442,324",+50.9%,240944976,+43.1%,110,Pitch Perfect 2,20,False,2015-05-10
"$215,620,717",-6%,231396990,-4%,109,Tomorrowland,21,False,2015-05-17
"$185,007,929",-14.2%,197581693,-14.6%,102,San Andreas,22,False,2015-05-24
"$172,965,617",-6.5%,188236012,-4.7%,106,Spy,23,False,2015-05-31
"$381,394,152",+120.5%,393685383,+109.1%,103,Jurassic World,24,False,2015-06-07
"$344,772,333",-9.6%,359026887,-8.8%,106,Jurassic World,25,False,2015-06-14
"$287,936,011",-16.5%,308982327,-13.9%,113,Inside Out,26,False,2015-06-21
"$205,642,362",-28.6%,219271846,-29%,109,Inside Out,27,False,2015-06-28
"$298,663,190",+45.2%,317115561,+44.6%,111,Minions,28,False,2015-07-05
"$263,226,406",-11.9%,287718827,-9.3%,111,Ant-Man,29,False,2015-07-12
"$211,623,059",-19.6%,234284409,-18.6%,109,Ant-Man,30,False,2015-07-19
"$206,831,051",-2.3%,228033383,-2.7%,107,Mission: Impossible - Rogue Nation,31,False,2015-07-26
"$166,668,244",-19.4%,197998776,-13.2%,109,Mission: Impossible - Rogue Nation,32,False,2015-08-02
"$188,060,304",+12.8%,217243616,+9.7%,107,Straight Outta Compton,33,False,2015-08-09
"$118,033,861",-37.2%,151043437,-30.5%,112,Straight Outta Compton,34,False,2015-08-16
"$86,781,228",-26.5%,123514184,-18.2%,109,Straight Outta Compton,35,False,2015-08-23
"$89,655,180",+3.3%,135308637,+9.5%,106,War Room,36,False,2015-08-30
"$102,460,582",+14.3%,130021845,-3.9%,116,The Perfect Guy,37,False,2015-09-06
"$125,278,039",+22.3%,147971889,+13.8%,123,Maze Runner: The Scorch Trials,38,False,2015-09-13
"$160,912,186",+28.4%,178104358,+20.4%,132,Hotel Transylvania 2,39,False,2015-09-20
"$180,160,486",+12%,194094453,+9%,134,The Martian,40,False,2015-09-27
"$146,051,549",-18.9%,163510725,-15.8%,131,The Martian,41,False,2015-10-04
"$139,802,739",-4.3%,159339684,-2.6%,123,Goosebumps,42,False,2015-10-11
"$116,646,326",-16.6%,138324130,-13.2%,119,The Martian,43,False,2015-10-18
"$79,468,121",-31.9%,102245901,-26.1%,116,The Martian,44,False,2015-10-25
"$202,397,173",+154.7%,222330376,+117.4%,128,Spectre,45,False,2015-11-01
"$117,791,221",-41.8%,137611030,-38.1%,124,Spectre,46,False,2015-11-08
"$263,741,064",+123.9%,287462185,+108.9%,112,The Hunger Games: Mockingjay - Part 2,47,False,2015-11-15
"$201,938,909",-23.4%,221009228,-23.1%,104,The Hunger Games: Mockingjay - Part 2,48,False,2015-11-22
"$112,860,146",-44.1%,128585893,-41.8%,104,The Hunger Games: Mockingjay - Part 2,49,False,2015-11-29
"$89,925,521",-20.3%,105472167,-18%,99,The Hunger Games: Mockingjay - Part 2,50,False,2015-12-06
"$490,576,052",+445.5%,512582385,+386%,85,Star Wars: Episode VII - The Force Awakens,51,False,2015-12-13
"$483,986,309",-1.3%,528565948,+3.1%,80,Star Wars: Episode VII - The Force Awakens,52,False,2015-12-20
"$260,670,818",-46.1%,288654414,-45.4%,90,Star Wars: Episode VII - The Force Awakens,1,False,2015-12-27
"$190,991,525",-26.7%,213602441,-26%,96,The Revenant,2,False,2016-01-03
"$205,683,379",+7.7%,238871426,+11.8%,92,Ride Along 2,3,False,2016-01-10
"$129,331,831",-37.1%,156607426,-34.4%,92,The Revenant,4,False,2016-01-17
"$146,877,028",+13.6%,175098230,+11.8%,101,Kung Fu Panda 3,5,False,2016-01-24
"$98,437,500",-33%,126658082,-27.7%,99,Kung Fu Panda 3,6,False,2016-01-31
"$296,080,748",+200.8%,329793400,+160.4%,106,Deadpool,7,False,2016-02-07
"$157,561,659",-46.8%,185742605,-43.7%,110,Deadpool,8,False,2016-02-14
"$119,143,297",-24.4%,147646667,-20.5%,94,Deadpool,9,False,2016-02-21
"$182,230,212",+53%,208317815,+41.1%,107,Zootopia,10,False,2016-02-28
"$162,361,817",-10.9%,190782393,-8.4%,119,Zootopia,11,False,2016-03-06
"$160,619,298",-1.1%,183382558,-3.9%,129,Zootopia,12,False,2016-03-13
"$325,666,509",+102.8%,339295945,+85%,116,Batman v Superman: Dawn of Justice,13,False,2016-03-20
"$153,564,815",-52.8%,171163378,-49.6%,122,Batman v Superman: Dawn of Justice,14,False,2016-03-27
"$115,682,844",-24.7%,135033390,-21.1%,123,The Boss,15,False,2016-04-03
"$210,976,113",+82.4%,227357903,+68.4%,133,The Jungle Book,16,False,2016-04-10
"$152,328,345",-27.8%,169457225,-25.5%,131,The Jungle Book,17,False,2016-04-17
"$121,133,026",-20.5%,137077341,-19.1%,126,The Jungle Book,18,False,2016-04-24
"$291,503,831",+140.6%,301892803,+120.2%,126,Captain America: Civil War,19,False,2016-05-01
"$158,035,135",-45.8%,169562436,-43.8%,128,Captain America: Civil War,20,False,2016-05-08
"$168,833,570",+6.8%,181470823,+7%,136,The Angry Birds Movie,21,False,2016-05-15
"$236,011,076",+39.8%,247632860,+36.5%,122,X-Men: Apocalypse,22,False,2016-05-22
"$174,025,875",-26.3%,190377155,-23.1%,116,Teenage Mutant Ninja Turtles: Out of the Shadows,23,False,2016-05-29
"$198,378,169",+14%,218751484,+14.9%,119,The Conjuring 2,24,False,2016-06-05
"$345,659,071",+74.2%,361778568,+65.4%,117,Finding Dory,25,False,2016-06-12
"$272,137,537",-21.3%,291415238,-19.4%,121,Finding Dory,26,False,2016-06-19
"$291,553,354",+7.1%,310795591,+6.7%,118,Finding Dory,27,False,2016-06-26
"$304,656,108",+4.5%,323895350,+4.2%,116,The Secret Life of Pets,28,False,2016-07-03
"$228,684,954",-24.9%,248477598,-23.3%,123,The Secret Life of Pets,29,False,2016-07-10
"$263,801,214",+15.4%,297489688,+19.7%,127,Star Trek Beyond,30,False,2016-07-17
"$260,357,510",-1.3%,283985335,-4.5%,118,Jason Bourne,31,False,2016-07-24
"$311,633,928",+19.7%,329772931,+16.1%,113,Suicide Squad,32,False,2016-07-31
"$225,808,846",-27.5%,254073490,-23%,119,Suicide Squad,33,False,2016-08-07
"$158,392,118",-29.9%,187165556,-26.3%,117,Suicide Squad,34,False,2016-08-14
"$125,815,574",-20.6%,164705279,-12%,123,Don't Breathe,35,False,2016-08-21
"$99,986,588",-20.5%,149628708,-9.2%,117,Don't Breathe,36,False,2016-08-28
"$106,356,361",+6.4%,134442104,-10.1%,134,Sully,37,False,2016-09-04
"$94,941,085",-10.7%,121858383,-9.4%,145,Sully,38,False,2016-09-11
"$120,828,346",+27.3%,136363465,+11.9%,145,The Magnificent Seven,39,False,2016-09-18
"$132,901,713",+10%,150273974,+10.2%,151,Miss Peregrine's Home for Peculiar Children,40,False,2016-09-25
"$130,863,569",-1.5%,147944082,-1.6%,143,The Girl on the Train,41,False,2016-10-02
"$113,024,865",-13.6%,132518142,-10.4%,140,The Accountant,42,False,2016-10-09
"$141,663,312",+25.3%,163330723,+23.3%,137,Boo! A Madea Halloween,43,False,2016-10-16
"$99,997,914",-29.4%,120277440,-26.4%,131,Boo! A Madea Halloween,44,False,2016-10-23
"$236,056,509",+136.1%,251689176,+109.3%,133,Doctor Strange,45,False,2016-10-30
"$181,563,018",-23.1%,198097131,-21.3%,139,Doctor Strange,46,False,2016-11-06
"$246,995,267",+36%,272804552,+37.7%,136,Fantastic Beasts and Where to Find Them,47,False,2016-11-13
"$206,096,604",-16.6%,224632572,-17.7%,131,Moana,48,False,2016-11-20
"$108,153,495",-47.5%,125024701,-44.3%,141,Moana,49,False,2016-11-27
"$97,054,247",-10.3%,113543682,-9.2%,125,Moana,50,False,2016-12-04
"$327,391,706",+237.3%,351825485,+209.9%,112,Rogue One: A Star Wars Story,51,False,2016-12-11
"$425,787,155",+30.1%,468076682,+33%,98,Rogue One: A Star Wars Story,52,False,2016-12-18
"$276,755,601",-35%,311003351,-33.6%,85,Rogue One: A Star Wars Story,53,False,2016-12-25
"$166,028,358",-40%,191327544,-38.5%,95,Hidden Figures,1,False,2017-01-01
"$173,560,332",+4.5%,219559431,+14.8%,86,Hidden Figures,2,False,2017-01-08
"$158,473,129",-8.7%,193994143,-11.6%,102,Split,3,False,2017-01-15
"$142,754,460",-9.9%,183789954,-5.3%,103,Split,4,False,2017-01-22
"$99,044,614",-30.6%,131654279,-28.4%,105,Split,5,False,2017-01-29
"$235,189,400",+137.5%,260606517,+97.9%,96,Fifty Shades Darker,6,False,2017-02-05
"$186,990,395",-20.5%,222117063,-14.8%,90,The Lego Batman Movie,7,False,2017-02-12
"$141,705,398",-24.2%,169125603,-23.9%,88,Get Out,8,False,2017-02-19
"$222,698,213",+57.2%,252960428,+49.6%,108,Logan,9,False,2017-02-26
"$205,667,563",-7.6%,227604378,-10%,114,Kong: Skull Island,10,False,2017-03-05
"$336,315,430",+63.5%,348996112,+53.3%,111,Beauty and the Beast,11,False,2017-03-12
"$254,888,561",-24.2%,267856889,-23.2%,107,Beauty and the Beast,12,False,2017-03-19
"$210,753,353",-17.3%,222360225,-17%,111,The Boss Baby,13,False,2017-03-26
"$150,992,825",-28.4%,172540812,-22.4%,114,The Boss Baby,14,False,2017-04-02
"$209,224,835",+38.6%,228479867,+32.4%,116,The Fate of the Furious,15,False,2017-04-09
"$116,914,535",-44.1%,140940360,-38.3%,120,The Fate of the Furious,16,False,2017-04-16
"$102,775,494",-12.1%,129454379,-8.1%,118,The Fate of the Furious,17,False,2017-04-23
"$232,845,232",+126.6%,248475475,+91.9%,117,Guardians of the Galaxy Vol. 2,18,False,2017-04-30
"$160,091,852",-31.2%,176042644,-29.2%,123,Guardians of the Galaxy Vol. 2,19,False,2017-05-07
"$155,812,824",-2.7%,173512782,-1.4%,123,Alien: Covenant,20,False,2017-05-14
"$204,615,474",+31.3%,218533507,+25.9%,115,Pirates of the Caribbean: Dead Men Tell No Tales,21,False,2017-05-21
"$257,016,845",+25.6%,268380107,+22.8%,118,Wonder Woman,22,False,2017-05-28
"$200,098,913",-22.1%,211071505,-21.4%,111,Wonder Woman,23,False,2017-06-04
"$270,857,018",+35.4%,292680893,+38.7%,119,Cars 3,24,False,2017-06-11
"$194,423,904",-28.2%,214916215,-26.6%,120,Transformers: The Last Knight,25,False,2017-06-18
"$259,130,961",+33.3%,281182034,+30.8%,109,Despicable Me 3,26,False,2017-06-25
"$290,710,500",+12.2%,303727567,+8%,111,Spider-Man: Homecoming,27,False,2017-07-02
"$231,379,299",-20.4%,243096748,-20%,114,War for the Planet of the Apes,28,False,2017-07-09
"$260,932,805",+12.8%,273985088,+12.7%,118,Dunkirk,29,False,2017-07-16
"$204,439,850",-21.7%,221011063,-19.3%,122,Dunkirk,30,False,2017-07-23
"$158,461,111",-22.5%,184482439,-16.5%,113,The Dark Tower,31,False,2017-07-30
"$139,713,151",-11.8%,173131832,-6.2%,130,Annabelle: Creation,32,False,2017-08-06
"$107,985,954",-22.7%,138860067,-19.8%,129,The Hitman's Bodyguard,33,False,2017-08-13
"$67,568,343",-37.4%,101552490,-26.9%,133,The Hitman's Bodyguard,34,False,2017-08-20
"$70,774,174",+4.7%,112587233,+10.9%,132,The Hitman's Bodyguard,35,False,2017-08-27
"$199,506,124",+181.9%,216627670,+92.4%,145,It,36,False,2017-09-03
"$133,837,531",-32.9%,148499678,-31.4%,148,It,37,False,2017-09-10
"$137,416,039",+2.7%,152942112,+3%,141,Kingsman: The Golden Circle,38,False,2017-09-17
"$103,429,957",-24.7%,120143224,-21.4%,144,American Made,39,False,2017-09-24
"$136,220,939",+31.7%,149160302,+24.2%,143,Blade Runner 2049,40,False,2017-10-01
"$115,420,822",-15.3%,131950497,-11.5%,146,Happy Death Day,41,False,2017-10-08
"$100,470,457",-13%,128545990,-2.6%,142,Boo 2! A Madea Halloween,42,False,2017-10-15
"$78,627,030",-21.7%,109543154,-14.8%,144,Jigsaw,43,False,2017-10-22
"$212,660,354",+170.5%,236868261,+116.2%,139,Thor: Ragnarok,44,False,2017-10-29
"$174,174,745",-18.1%,194963666,-17.7%,136,Thor: Ragnarok,45,False,2017-11-05
"$315,310,226",+81%,328730983,+68.6%,115,Justice League,46,False,2017-11-12
"$219,075,893",-30.5%,233588047,-28.9%,116,Coco,47,False,2017-11-19
"$127,798,857",-41.7%,140246350,-40%,123,Coco,48,False,2017-11-26
"$94,995,347",-25.7%,114954459,-18%,108,Coco,49,False,2017-12-03
"$382,968,772",+303.1%,408585324,+255.4%,86,Star Wars: Episode VIII - The Last Jedi,50,False,2017-12-10
"$423,670,362",+10.6%,467332600,+14.4%,79,Star Wars: Episode VIII - The Last Jedi,51,False,2017-12-17
"$300,881,692",-29%,338477578,-27.6%,79,Jumanji: Welcome to the Jungle,52,False,2017-12-24
"$188,503,584",-37.3%,221132888,-34.7%,95,Jumanji: Welcome to the Jungle,1,False,2017-12-31
"$187,542,971",-0.5%,234295238,+6%,107,Jumanji: Welcome to the Jungle,2,False,2018-01-07
"$137,579,638",-26.6%,184047126,-21.4%,107,Jumanji: Welcome to the Jungle,3,False,2018-01-14
"$132,347,194",-3.8%,187471873,+1.9%,105,Maze Runner: The Death Cure,4,False,2018-01-21
"$89,083,583",-32.7%,129767460,-30.8%,110,Jumanji: Welcome to the Jungle,5,False,2018-01-28
"$161,482,194",+81.3%,201409377,+55.2%,115,Fifty Shades Freed,6,False,2018-02-04
"$389,216,230",+141%,419745271,+108.4%,116,Black Panther,7,False,2018-02-11
"$228,624,483",-41.3%,255715632,-39.1%,118,Black Panther,8,False,2018-02-18
"$177,489,850",-22.4%,198506984,-22.4%,122,Black Panther,9,False,2018-02-25
"$172,712,657",-2.7%,197178640,-0.7%,121,Black Panther,10,False,2018-03-04
"$161,814,321",-6.3%,183023473,-7.2%,126,Black Panther,11,False,2018-03-11
"$162,297,990",+0.3%,201170963,+9.9%,121,Pacific Rim: Uprising,12,False,2018-03-18
"$171,018,108",+5.4%,205442044,+2.1%,121,Ready Player One,13,False,2018-03-25
"$184,706,683",+8%,215968070,+5.1%,131,A Quiet Place,14,False,2018-04-01
"$171,931,933",-6.9%,198042210,-8.3%,143,Rampage,15,False,2018-04-08
"$137,499,327",-20%,163678579,-17.4%,141,A Quiet Place,16,False,2018-04-15
"$399,667,945",+190.7%,416289826,+154.3%,137,Avengers: Infinity War,17,False,2018-04-22
"$208,377,426",-47.9%,224420461,-46.1%,132,Avengers: Infinity War,18,False,2018-04-29
"$165,026,530",-20.8%,182746452,-18.6%,145,Avengers: Infinity War,19,False,2018-05-06
"$269,319,118",+63.2%,283469570,+55.1%,132,Deadpool 2,20,False,2018-05-13
"$264,374,930",-1.8%,276358973,-2.5%,135,Solo: A Star Wars Story,21,False,2018-05-20
"$142,124,184",-46.2%,158144979,-42.8%,121,Solo: A Star Wars Story,22,False,2018-05-27
"$161,608,590",+13.7%,181174157,+14.6%,132,Ocean's Eight,23,False,2018-06-03
"$384,190,451",+137.7%,403621055,+122.8%,127,Incredibles 2,24,False,2018-06-10
"$393,429,705",+2.4%,407998267,+1.1%,120,Jurassic World: Fallen Kingdom,25,False,2018-06-17
"$286,719,888",-27.1%,312933120,-23.3%,124,Jurassic World: Fallen Kingdom,26,False,2018-06-24
"$258,637,337",-9.8%,278938550,-10.9%,118,Ant-Man and the Wasp,27,False,2018-07-01
"$235,108,274",-9.1%,259320155,-7%,112,Hotel Transylvania 3: Summer Vacation,28,False,2018-07-08
"$244,919,938",+4.2%,270678091,+4.4%,124,Mamma Mia! Here We Go Again,29,False,2018-07-15
"$224,339,388",-8.4%,247412373,-8.6%,125,Mission: Impossible - Fallout,30,False,2018-07-22
"$185,502,196",-17.3%,218707977,-11.6%,121,Mission: Impossible - Fallout,31,False,2018-07-29
"$187,279,615",+1%,226431042,+3.5%,114,The Meg,32,False,2018-08-05
"$164,325,498",-12.3%,195015319,-13.9%,122,Crazy Rich Asians,33,False,2018-08-12
"$120,290,722",-26.8%,150198552,-23%,122,Crazy Rich Asians,34,False,2018-08-19
"$112,931,144",-6.1%,151983826,+1.2%,122,Crazy Rich Asians,35,False,2018-08-26
"$138,857,002",+23%,161262773,+6.1%,131,The Nun,36,False,2018-09-02
"$126,406,042",-9%,148009449,-8.2%,138,The Predator,37,False,2018-09-09
"$102,360,596",-19%,125093394,-15.5%,137,The House with a Clock in Its Walls,38,False,2018-09-16
"$117,890,375",+15.2%,140037237,+11.9%,143,Night School,39,False,2018-09-23
"$238,268,742",+102.1%,253603575,+81.1%,141,Venom,40,False,2018-09-30
"$168,167,013",-29.4%,184035791,-27.4%,138,Venom,41,False,2018-10-07
"$201,740,323",+20%,216850956,+17.8%,129,Halloween,42,False,2018-10-14
"$125,604,075",-37.7%,148052491,-31.7%,138,Halloween,43,False,2018-10-21
"$171,792,181",+36.8%,195592903,+32.1%,135,Bohemian Rhapsody,44,False,2018-10-28
"$204,609,233",+19.1%,228436850,+16.8%,133,The Grinch,45,False,2018-11-04
"$283,597,723",+38.6%,315936017,+38.3%,117,Fantastic Beasts: The Crimes of Grindelwald,46,False,2018-11-11
"$248,898,805",-12.2%,266372185,-15.7%,108,Ralph Breaks the Internet,47,False,2018-11-18
"$139,119,897",-44.1%,159339998,-40.2%,118,Ralph Breaks the Internet,48,False,2018-11-25
"$98,855,806",-28.9%,118024971,-25.9%,122,Ralph Breaks the Internet,49,False,2018-12-02
"$148,001,860",+49.7%,182879464,+54.9%,114,Spider-Man: Into the Spider-Verse,50,False,2018-12-09
"$365,938,858",+147.3%,414509628,+126.7%,89,Aquaman,51,False,2018-12-16
"$301,431,710",-17.6%,343404540,-17.2%,92,Aquaman,52,False,2018-12-23
"$159,383,048",-47.1%,189701458,-44.8%,98,Aquaman,1,False,2018-12-30
"$137,036,122",-14%,174387441,-8.1%,92,The Upside,2,False,2019-01-06
"$160,272,512",+17%,196159206,+12.5%,92,Glass,3,False,2019-01-13
"$97,386,320",-39.2%,137684269,-29.8%,93,Glass,4,False,2019-01-20
"$69,985,273",-28.1%,101933532,-26%,94,Glass,5,False,2019-01-27
"$132,570,757",+89.4%,173677594,+70.4%,108,The Lego Movie 2: The Second Part,6,False,2019-02-03
"$150,793,114",+13.7%,183674228,+5.8%,107,Alita: Battle Angel,7,False,2019-02-10
"$140,742,743",-6.7%,165159850,-10.1%,99,How to Train Your Dragon: The Hidden World,8,False,2019-02-17
"$121,138,709",-13.9%,151459712,-8.3%,111,How to Train Your Dragon: The Hidden World,9,False,2019-02-24
"$261,577,719",+115.9%,281109887,+85.6%,116,Captain Marvel,10,False,2019-03-03
"$168,013,234",-35.8%,187942023,-33.1%,129,Captain Marvel,11,False,2019-03-10
"$189,488,269",+12.8%,204114622,+8.6%,127,Us,12,False,2019-03-17
"$171,320,496",-9.6%,184191955,-9.8%,141,Dumbo,13,False,2019-03-24
"$178,674,464",+4.3%,192530861,+4.5%,128,Shazam!,14,False,2019-03-31
"$140,924,249",-21.1%,161993933,-15.9%,133,Shazam!,15,False,2019-04-07
"$130,479,157",-7.4%,151266279,-6.6%,140,The Curse of La Llorona,16,False,2019-04-14
"$526,831,980",+303.8%,536411266,+254.6%,126,Avengers: Endgame,17,False,2019-04-21
"$247,952,421",-52.9%,257703964,-52%,126,Avengers: Endgame,18,False,2019-04-28
"$207,635,630",-16.3%,219497995,-14.8%,118,Avengers: Endgame,19,False,2019-05-05
"$190,276,031",-8.4%,203520860,-7.3%,120,John Wick: Chapter 3 - Parabellum,20,False,2019-05-12
"$270,055,207",+41.9%,283652332,+39.4%,121,Aladdin,21,False,2019-05-19
"$239,911,356",-11.2%,251058341,-11.5%,116,Aladdin,22,False,2019-05-26
"$230,500,786",-3.9%,241798277,-3.7%,124,The Secret Life of Pets 2,23,False,2019-06-02
"$186,197,546",-19.2%,205279222,-15.1%,114,Men in Black: International,24,False,2019-06-09
"$289,503,923",+55.5%,316524656,+54.2%,110,Toy Story 4,25,False,2019-06-16
"$301,168,197",+4%,330476970,+4.4%,107,Toy Story 4,26,False,2019-06-23
"$265,976,643",-11.7%,281598399,-14.8%,109,Spider-Man: Far from Home,27,False,2019-06-30
"$180,362,048",-32.2%,201907706,-28.3%,117,Spider-Man: Far from Home,28,False,2019-07-07
"$374,083,483",+107.4%,391079975,+93.7%,113,The Lion King,29,False,2019-07-14
"$238,105,215",-36.3%,252143756,-35.5%,109,The Lion King,30,False,2019-07-21
"$215,607,128",-9.4%,227524503,-9.8%,117,Fast & Furious Presents: Hobbs & Shaw,31,False,2019-07-28
"$182,853,941",-15.2%,202634716,-10.9%,112,Fast & Furious Presents: Hobbs & Shaw,32,False,2019-08-04
"$146,225,422",-20%,177854993,-12.2%,118,Good Boys,33,False,2019-08-11
"$123,992,098",-15.2%,156037093,-12.3%,113,Angel Has Fallen,34,False,2019-08-18
"$98,441,070",-20.6%,142189067,-8.9%,108,Angel Has Fallen,35,False,2019-08-25
"$157,563,161",+60.1%,178412448,+25.5%,108,It Chapter Two,36,False,2019-09-01
"$127,100,656",-19.3%,149537267,-16.2%,126,It Chapter Two,37,False,2019-09-08
"$153,599,707",+20.8%,168838131,+12.9%,119,Downton Abbey,38,False,2019-09-15
"$113,559,015",-26.1%,131184326,-22.3%,124,Abominable,39,False,2019-09-22
"$203,930,000",+79.6%,216660456,+65.2%,110,Joker,40,False,2019-09-29
"$187,869,354",-7.9%,202185650,-6.7%,114,Joker,41,False,2019-10-06
"$171,949,010",-8.5%,184816957,-8.6%,123,Maleficent: Mistress of Evil,42,False,2019-10-13
"$124,693,175",-27.5%,149669678,-19%,120,Joker,43,False,2019-10-20
"$132,789,356",+6.5%,157058718,+4.9%,105,Terminator: Dark Fate,44,False,2019-10-27
"$139,687,187",+5.2%,171355582,+9.1%,114,Midway,45,False,2019-11-03
"$120,024,734",-14.1%,147774232,-13.8%,108,Ford v Ferrari,46,False,2019-11-10
"$310,099,772",+158.4%,342358466,+131.7%,112,Frozen II,47,False,2019-11-17
"$205,960,678",-33.6%,225284723,-34.2%,94,Frozen II,48,False,2019-11-24
"$108,389,339",-47.4%,124799870,-44.6%,104,Frozen II,49,False,2019-12-01
"$149,964,285",+38.4%,162246008,+30%,96,Jumanji: The Next Level,50,False,2019-12-08
"$463,398,427",+209%,485547943,+199.3%,81,Star Wars: Episode IX - The Rise of Skywalker,51,False,2019-12-15
"$356,629,712",-23%,377804849,-22.2%,79,Star Wars: Episode IX - The Rise of Skywalker,52,False,2019-12-22
"$175,076,363",-50.9%,191738131,-49.2%,81,Star Wars: Episode IX - The Rise of Skywalker,1,False,2019-12-29
"$159,437,532",-8.9%,183503852,-4.3%,77,1917,2,False,2020-01-05
"$218,203,326",+36.9%,246852406,+34.5%,82,Bad Boys for Life,3,False,2020-01-12
"$137,895,399",-36.8%,160776068,-34.9%,80,Bad Boys for Life,4,False,2020-01-19
"$88,561,600",-35.8%,112241086,-30.2%,73,Bad Boys for Life,5,False,2020-01-26
"$106,722,654",+20.5%,127579254,+13.7%,82,Birds of Prey,6,False,2020-02-02
"$190,302,035",+78.3%,215111943,+68.6%,98,Sonic the Hedgehog,7,False,2020-02-09
"$111,872,409",-41.2%,136094614,-36.7%,105,The Call of the Wild,8,False,2020-02-16
"$109,239,910",-2.4%,128714844,-5.4%,101,The Invisible Man,9,False,2020-02-23
"$119,859,142",+9.7%,134543546,+4.5%,100,Onward,10,False,2020-03-01
"$54,519,705",-54.5%,58926153,-56.2%,75,Onward,11,False,2020-03-08
"$5,632",-100%,5632,-100%,4,"Phoenix, OregonRe-release",12,False,2020-03-15
"$5,250",-6.8%,5250,-6.8%,3,Strike,13,False,2020-03-22
"$5,925",+12.9%,5925,+12.9%,2,"Phoenix, OregonRe-release",14,False,2020-03-29
"$17,624",+197.5%,17624,+197.5%,3,"Phoenix, OregonRe-release",15,False,2020-04-05
"$8,791",-50.1%,8791,-50.1%,3,Resistance,16,False,2020-04-12
"$18,231",+107.4%,18231,+107.4%,2,True History of the Kelly Gang,17,False,2020-04-19
"$130,162",+614%,130162,+614%,3,The Wretched,18,False,2020-04-26
"$141,730",+8.9%,141730,+8.9%,6,The Wretched,19,False,2020-05-03
"$206,849",+45.9%,206849,+45.9%,6,The Wretched,20,False,2020-05-10
"$339,051",+63.9%,339051,+63.9%,8,The Wretched,21,False,2020-05-17
"$248,484",-26.7%,248484,-26.7%,7,The Wretched,22,False,2020-05-24
"$647,894",+160.7%,647894,+160.7%,7,The Wretched,23,False,2020-05-31
"$771,316",+19%,771415,+19.1%,12,Becky,24,False,2020-06-07
"$775,932",+0.6%,778684,+0.9%,15,Followed,25,False,2020-06-14
"$524,785",-32.4%,527749,-32.2%,13,Becky,26,False,2020-06-21
"$665,702",+26.9%,672807,+27.5%,14,Relic,27,False,2020-06-28
"$582,028",-12.6%,586299,-12.9%,15,Relic,28,False,2020-07-05
"$491,369",-15.6%,491828,-16.1%,11,Relic,29,False,2020-07-12
"$991,561",+101.8%,992267,+101.8%,11,The Rental,30,False,2020-07-19
"$845,070",-14.8%,854110,-13.9%,15,The Rental,31,False,2020-07-26
"$1,169,679",+38.4%,1209292,+41.6%,17,The Tax Collector,32,False,2020-08-02
"$3,103,865",+165.4%,3152281,+160.7%,24,The SpongeBob Movie: Sponge on the Run,33,False,2020-08-09
"$8,146,007",+162.4%,8234319,+161.2%,21,Unhinged,34,False,2020-08-16
"$23,467,351",+188.1%,23705367,+187.9%,27,The New Mutants,35,False,2020-08-23
"$23,962,098",+2.1%,24107364,+1.7%,28,Tenet,36,False,2020-08-30
"$17,114,429",-28.6%,17341437,-28.1%,31,Tenet,37,False,2020-09-06
"$14,793,560",-13.6%,15403958,-11.2%,30,Tenet,38,False,2020-09-13
"$11,425,921",-22.8%,12464580,-19.1%,36,Tenet,39,False,2020-09-20
"$10,370,313",-9.2%,11758783,-5.7%,38,Tenet,40,False,2020-09-27
"$12,165,864",+17.3%,13446315,+14.4%,45,The War with Grandpa,41,False,2020-10-04
"$14,781,282",+21.5%,16229827,+20.7%,57,Honest Thief,42,False,2020-10-11
"$11,766,385",-20.4%,13941885,-14.1%,51,Honest Thief,43,False,2020-10-18
"$11,132,229",-5.4%,12343556,-11.5%,42,Come Play,44,False,2020-10-25
"$13,950,360",+25.3%,14838502,+20.2%,41,Let Him Go,45,False,2020-11-01
"$12,640,558",-9.4%,13981080,-5.8%,38,Freaky,46,False,2020-11-08
"$11,982,001",-5.2%,13742140,-1.7%,46,The Croods: A New Age,47,False,2020-11-15
"$15,632,850",+30.5%,16708864,+21.6%,36,The Croods: A New Age,48,False,2020-11-22
"$9,113,682",-41.7%,10250177,-38.7%,41,The Croods: A New Age,49,False,2020-11-29
"$6,747,258",-26%,7996147,-22%,37,The Croods: A New Age,50,False,2020-12-06
"$9,994,339",+48.1%,11158576,+39.5%,38,The Croods: A New Age,51,False,2020-12-13
"$35,645,037",+256.7%,36219846,+224.6%,32,Wonder Woman 1984,52,False,2020-12-20
"$15,810,577",-55.6%,16130221,-55.5%,25,Wonder Woman 1984,1,False,2020-12-27
"$11,101,685",-29.8%,11409751,-29.3%,26,Wonder Woman 1984,2,False,2021-01-03
"$14,292,950",+28.7%,14774235,+29.5%,23,The Marksman,3,False,2021-01-10
"$10,198,423",-28.6%,11076863,-25%,37,The Marksman,4,False,2021-01-17
"$13,345,305",+30.9%,14211103,+28.3%,33,The Little Things,5,False,2021-01-24
"$8,957,870",-32.9%,9621991,-32.3%,36,The Little Things,6,False,2021-01-31
"$13,417,487",+49.8%,14738089,+53.2%,35,The Croods: A New Age,7,False,2021-02-07
"$8,881,951",-33.8%,10115048,-31.4%,41,The Croods: A New Age,8,False,2021-02-14
"$23,487,412",+164.4%,24996590,+147.1%,39,Tom & Jerry,9,False,2021-02-21
"$27,854,618",+18.6%,29602325,+18.4%,40,Raya and the Last Dragon,10,False,2021-02-28
"$21,594,395",-22.5%,23972278,-19%,45,Raya and the Last Dragon,11,False,2021-03-07
"$19,915,033",-7.8%,22962344,-4.2%,44,Raya and the Last Dragon,12,False,2021-03-14
"$39,061,840",+96.1%,41396012,+80.3%,48,Godzilla vs. Kong,13,False,2021-03-21
"$55,538,342",+42.2%,57137115,+38%,40,Godzilla vs. Kong,14,False,2021-03-28
"$31,341,390",-43.6%,32872762,-42.5%,43,Godzilla vs. Kong,15,False,2021-04-04
"$22,580,867",-28%,24538338,-25.4%,46,Godzilla vs. Kong,16,False,2021-04-11
"$59,446,056",+163.3%,60722724,+147.5%,38,Demon Slayer the Movie: Mugen Train,17,False,2021-04-18
"$29,130,585",-51%,31313313,-48.4%,42,Demon Slayer the Movie: Mugen Train,18,False,2021-04-25
"$28,534,296",-2%,31270379,-0.1%,48,Wrath of Man,19,False,2021-05-02
"$31,704,906",+11.1%,34961865,+11.8%,48,Spiral,20,False,2021-05-09
"$18,733,229",-40.9%,20378092,-41.7%,46,Spiral,21,False,2021-05-16
"$116,994,985",+524.5%,119187658,+484.9%,47,A Quiet Place Part II,22,False,2021-05-23
"$94,211,484",-19.5%,95498185,-19.9%,45,The Conjuring: The Devil Made Me Do It,23,False,2021-05-30
"$85,507,031",-9.2%,88574520,-7.3%,45,A Quiet Place Part II,24,False,2021-06-06
"$67,452,606",-21.1%,70290314,-20.6%,48,Hitman's Wife's Bodyguard,25,False,2021-06-13
"$136,958,945",+103%,140426117,+99.8%,50,F9: The Fast Saga,26,False,2021-06-20
"$111,880,638",-18.3%,115363174,-17.8%,47,F9: The Fast Saga,27,False,2021-06-27
"$163,081,749",+45.8%,165820525,+43.7%,41,Black Widow,28,False,2021-07-04
"$126,946,209",-22.2%,131872999,-20.5%,47,Space Jam: A New Legacy,29,False,2021-07-11
"$98,700,860",-22.2%,104492311,-20.8%,61,Old,30,False,2021-07-18
"$114,081,309",+15.6%,119308630,+14.2%,56,Jungle Cruise,31,False,2021-07-25
"$88,882,420",-22.1%,93429312,-21.7%,57,The Suicide Squad,32,False,2021-08-01
"$102,282,746",+15.1%,107173681,+14.7%,52,Free Guy,33,False,2021-08-08
"$81,832,765",-20%,88460481,-17.5%,49,Free Guy,34,False,2021-08-15
"$76,568,298",-6.4%,82064205,-7.2%,59,Candyman,35,False,2021-08-22
"$157,782,148",+106.1%,161355063,+96.6%,50,Shang-Chi and the Legend of the Ten Rings,36,False,2021-08-29
"$77,213,372",-51.1%,81149728,-49.7%,59,Shang-Chi and the Legend of the Ten Rings,37,False,2021-09-05
"$59,105,804",-23.5%,63629567,-21.6%,54,Shang-Chi and the Legend of the Ten Rings,38,False,2021-09-12
"$46,346,732",-21.6%,50290427,-21%,52,Shang-Chi and the Legend of the Ten Rings,39,False,2021-09-19
"$155,950,167",+236.5%,160377703,+218.9%,51,Venom: Let There Be Carnage,40,False,2021-09-26
"$144,904,095",-7.1%,146751036,-8.5%,46,No Time to Die,41,False,2021-10-03
"$135,340,292",-6.6%,136795787,-6.8%,40,Halloween Kills,42,False,2021-10-10
"$110,317,110",-18.5%,111710408,-18.3%,42,Dune,43,False,2021-10-17
"$84,733,979",-23.2%,88414755,-20.9%,50,Dune,44,False,2021-10-24
"$140,732,951",+66.1%,151540050,+71.4%,46,Eternals,45,False,2021-10-31
"$83,607,699",-40.6%,89924449,-40.7%,40,Eternals,46,False,2021-11-07
"$139,857,793",+67.3%,149045469,+65.7%,50,Ghostbusters: Afterlife,47,False,2021-11-14
"$116,308,152",-16.8%,123659629,-17%,48,Encanto,48,False,2021-11-21
"$64,423,187",-44.6%,70680627,-42.8%,47,Encanto,49,False,2021-11-28
"$54,856,586",-14.8%,59453081,-15.9%,49,West Side Story,50,False,2021-12-05
"$448,028,645",+716.7%,450887647,+658.4%,45,Spider-Man: No Way Home,51,False,2021-12-12
"$283,924,384",-36.6%,292392077,-35.2%,39,Spider-Man: No Way Home,52,False,2021-12-19
"$133,399,486",-53%,138000934,-52.8%,39,Spider-Man: No Way Home,53,False,2021-12-26
"$78,462,189",-41.2%,82739591,-40%,37,Spider-Man: No Way Home,1,False,2022-01-02
"$95,085,447",+21.2%,99933491,+20.8%,44,Scream,2,False,2022-01-09
"$55,074,903",-42.1%,60746879,-39.2%,48,Spider-Man: No Way Home,3,False,2022-01-16
"$40,405,732",-26.6%,46449926,-23.5%,48,Spider-Man: No Way Home,4,False,2022-01-23
"$71,334,671",+76.5%,77019839,+65.8%,56,Jackass Forever,5,False,2022-01-30
"$75,915,251",+6.4%,81194788,+5.4%,54,Death on the Nile,6,False,2022-02-06
"$126,706,188",+66.9%,133721393,+64.7%,58,Uncharted,7,False,2022-02-13
"$71,694,192",-43.4%,79992208,-40.2%,53,Uncharted,8,False,2022-02-20
"$212,814,844",+196.8%,216125188,+170.2%,52,The Batman,9,False,2022-02-27
"$135,658,174",-36.3%,139863064,-35.3%,52,The Batman,10,False,2022-03-06
"$105,976,322",-21.9%,111626141,-20.2%,62,The Batman,11,False,2022-03-13
"$101,249,416",-4.5%,106734194,-4.4%,61,The Lost City,12,False,2022-03-20
"$100,842,439",-0.4%,105100204,-1.5%,55,Morbius,13,False,2022-03-27
"$152,927,000",+51.6%,155777728,+48.2%,52,Sonic the Hedgehog 2,14,False,2022-04-03
"$143,110,499",-6.4%,145065068,-6.9%,47,Fantastic Beasts: The Secrets of Dumbledore,15,False,2022-04-10
"$116,142,835",-18.8%,120952706,-16.6%,51,The Bad Guys,16,False,2022-04-17
"$81,094,055",-30.2%,86689695,-28.3%,53,The Bad Guys,17,False,2022-04-24
"$274,222,047",+238.2%,277112562,+219.7%,53,Doctor Strange in the Multiverse of Madness,18,False,2022-05-01
"$116,653,465",-57.5%,120475480,-56.5%,51,Doctor Strange in the Multiverse of Madness,19,False,2022-05-08
"$92,498,464",-20.7%,98113709,-18.6%,57,Doctor Strange in the Multiverse of Madness,20,False,2022-05-15
"$279,870,156",+202.6%,284229658,+189.7%,57,Top Gun: Maverick,21,False,2022-05-22
"$180,149,969",-35.6%,185212388,-34.8%,64,Top Gun: Maverick,22,False,2022-05-29
"$293,808,398",+63.1%,297265363,+60.5%,58,Jurassic World: Dominion,23,False,2022-06-05
"$239,467,070",-18.5%,241502854,-18.8%,58,Jurassic World: Dominion,24,False,2022-06-12
"$204,160,240",-14.7%,206132038,-14.6%,55,Elvis,25,False,2022-06-19
"$299,005,969",+46.5%,301253959,+46.1%,52,Minions: The Rise of Gru,26,False,2022-06-26
"$332,866,662",+11.3%,334746945,+11.1%,57,Thor: Love and Thunder,27,False,2022-07-03
"$203,094,384",-39%,205656619,-38.6%,57,Thor: Love and Thunder,28,False,2022-07-10
"$190,271,137",-6.3%,193908187,-5.7%,57,Nope,29,False,2022-07-17
"$144,821,635",-23.9%,151253578,-22%,53,DC League of Super-Pets,30,False,2022-07-24
"$130,463,673",-9.9%,136951704,-9.5%,50,Bullet Train,31,False,2022-07-31
"$83,895,113",-35.7%,99088597,-27.6%,63,Bullet Train,32,False,2022-08-07
"$95,247,181",+13.5%,109212416,+10.2%,61,Dragon Ball Super: Super Hero,33,False,2022-08-14
"$57,167,640",-40%,72138144,-33.9%,63,The Invitation,34,False,2022-08-21
"$61,477,939",+7.5%,83133673,+15.2%,66,Top Gun: Maverick,35,False,2022-08-28
"$45,753,332",-25.6%,58690664,-29.4%,73,Barbarian,36,False,2022-09-04
"$58,104,893",+27%,71121269,+21.2%,76,The Woman King,37,False,2022-09-11
"$74,377,392",+28%,83857157,+17.9%,77,Don't Worry Darling,38,False,2022-09-18
"$77,608,975",+4.3%,88355691,+5.4%,73,Smile,39,False,2022-09-25
"$75,925,936",-2.2%,83589769,-5.4%,62,Smile,40,False,2022-10-02
"$90,872,745",+19.7%,96016976,+14.9%,58,Halloween Ends,41,False,2022-10-09
"$142,445,560",+56.8%,147141895,+53.2%,61,Black Adam,42,False,2022-10-16
"$86,294,773",-39.4%,91912422,-37.5%,61,Black Adam,43,False,2022-10-23
"$71,262,866",-17.4%,78067175,-15.1%,59,Black Adam,44,False,2022-10-30
"$252,999,294",+255%,256405792,+228.4%,54,Black Panther: Wakanda Forever,45,False,2022-11-06
"$158,366,183",-37.4%,166806980,-34.9%,54,Black Panther: Wakanda Forever,46,False,2022-11-13
"$108,155,850",-31.7%,114262463,-31.5%,49,Black Panther: Wakanda Forever,47,False,2022-11-20
"$65,533,485",-39.4%,71808894,-37.2%,59,Black Panther: Wakanda Forever,48,False,2022-11-27
"$45,214,764",-31%,51441972,-28.4%,58,Black Panther: Wakanda Forever,49,False,2022-12-04
"$232,765,223",+414.8%,236324722,+359.4%,47,Avatar: The Way of Water,50,False,2022-12-11
"$242,130,042",+4%,246487640,+4.3%,50,Avatar: The Way of Water,51,False,2022-12-18
"$174,584,090",-27.9%,176585127,-28.4%,47,Avatar: The Way of Water,52,False,2022-12-25
